-- phpMyAdmin SQL Dump
-- version 5.2.0
-- https://www.phpmyadmin.net/
--
-- Host: localhost
-- Generation Time: Sep 27, 2023 at 07:27 PM
-- Server version: 10.4.19-MariaDB
-- PHP Version: 8.1.10

SET SQL_MODE = "NO_AUTO_VALUE_ON_ZERO";
START TRANSACTION;
SET time_zone = "+00:00";


/*!40101 SET @OLD_CHARACTER_SET_CLIENT=@@CHARACTER_SET_CLIENT */;
/*!40101 SET @OLD_CHARACTER_SET_RESULTS=@@CHARACTER_SET_RESULTS */;
/*!40101 SET @OLD_COLLATION_CONNECTION=@@COLLATION_CONNECTION */;
/*!40101 SET NAMES utf8mb4 */;

--
-- Database: `agenda`
--

-- --------------------------------------------------------

--
-- Table structure for table `actions_tiers`
--

CREATE TABLE `actions_tiers` (
  `id` int(11) NOT NULL,
  `description` text DEFAULT NULL,
  `date` date DEFAULT NULL,
  `id_clt` int(11) DEFAULT NULL,
  `type` tinyint(4) NOT NULL
) ENGINE=InnoDB DEFAULT CHARSET=utf8;

-- --------------------------------------------------------

--
-- Table structure for table `affaire`
--

CREATE TABLE `affaire` (
  `id` int(11) NOT NULL,
  `code_affaire` varchar(14) DEFAULT NULL,
  `intitule` varchar(100) DEFAULT NULL,
  `charge` int(11) DEFAULT NULL,
  `datecreation` date DEFAULT NULL,
  `datedebut` date DEFAULT NULL,
  `dateacceptation` date DEFAULT NULL,
  `datefin` date DEFAULT NULL,
  `cavente` double DEFAULT NULL,
  `caachat` double DEFAULT NULL
) ENGINE=InnoDB DEFAULT CHARSET=utf8;

-- --------------------------------------------------------

--
-- Table structure for table `agenda`
--

CREATE TABLE `agenda` (
  `id` int(11) NOT NULL,
  `nom` varchar(100) NOT NULL,
  `idCollab` int(11) NOT NULL
) ENGINE=InnoDB DEFAULT CHARSET=utf8mb4;

--
-- Dumping data for table `agenda`
--

INSERT INTO `agenda` (`id`, `nom`, `idCollab`) VALUES
(1, 'pma', 1),
(2, 'zze', 1);

-- --------------------------------------------------------

--
-- Table structure for table `agenda_prestation`
--

CREATE TABLE `agenda_prestation` (
  `id` int(11) NOT NULL,
  `idProduit` int(11) DEFAULT NULL,
  `idAgenda` int(11) DEFAULT NULL
) ENGINE=InnoDB DEFAULT CHARSET=utf8mb4;

--
-- Dumping data for table `agenda_prestation`
--

INSERT INTO `agenda_prestation` (`id`, `idProduit`, `idAgenda`) VALUES
(53, 14446, 1),
(54, 14446, 2);

-- --------------------------------------------------------

--
-- Table structure for table `alert_manque_stock`
--

CREATE TABLE `alert_manque_stock` (
  `id` int(11) NOT NULL,
  `id_article` int(11) NOT NULL
) ENGINE=InnoDB DEFAULT CHARSET=utf8;

--
-- Dumping data for table `alert_manque_stock`
--

INSERT INTO `alert_manque_stock` (`id`, `id_article`) VALUES
(1, 22),
(2, 43),
(3, 48),
(4, 54),
(5, 55),
(6, 71),
(7, 76),
(8, 77),
(9, 78),
(10, 79),
(11, 94),
(12, 105),
(13, 106),
(14, 107),
(15, 115),
(16, 116),
(17, 122),
(18, 136),
(19, 141),
(20, 146),
(21, 149),
(22, 151),
(23, 165),
(24, 170),
(25, 171),
(26, 172),
(27, 173),
(28, 177),
(29, 178),
(30, 179),
(31, 180),
(32, 181),
(33, 184),
(34, 185),
(35, 186),
(36, 187),
(37, 188),
(38, 227),
(39, 231),
(40, 234),
(41, 242),
(42, 270),
(43, 272),
(44, 280),
(45, 289),
(46, 296),
(47, 298),
(48, 308),
(49, 313),
(50, 330),
(51, 331),
(52, 333),
(53, 339),
(54, 340),
(55, 347),
(56, 348),
(57, 364),
(58, 365),
(59, 366),
(60, 380),
(61, 428),
(62, 22),
(63, 43),
(64, 48),
(65, 54),
(66, 55),
(67, 71),
(68, 76),
(69, 77),
(70, 78),
(71, 79),
(72, 94),
(73, 105),
(74, 106),
(75, 107),
(76, 115),
(77, 116),
(78, 122),
(79, 136),
(80, 141),
(81, 146),
(82, 149),
(83, 151),
(84, 165),
(85, 170),
(86, 171),
(87, 172),
(88, 173),
(89, 177),
(90, 178),
(91, 179),
(92, 180),
(93, 181),
(94, 184),
(95, 185),
(96, 186),
(97, 187),
(98, 188),
(99, 227),
(100, 231),
(101, 234),
(102, 242),
(103, 270),
(104, 272),
(105, 280),
(106, 289),
(107, 296),
(108, 298),
(109, 308),
(110, 313),
(111, 330),
(112, 331),
(113, 333),
(114, 339),
(115, 340),
(116, 347),
(117, 348),
(118, 364),
(119, 365),
(120, 366),
(121, 380),
(122, 428),
(123, 22),
(124, 43),
(125, 48),
(126, 54),
(127, 55),
(128, 71),
(129, 76),
(130, 77),
(131, 78),
(132, 79),
(133, 94),
(134, 105),
(135, 106),
(136, 107),
(137, 115),
(138, 116),
(139, 122),
(140, 136),
(141, 141),
(142, 146),
(143, 149),
(144, 151),
(145, 165),
(146, 170),
(147, 171),
(148, 172),
(149, 173),
(150, 177),
(151, 178),
(152, 179),
(153, 180),
(154, 181),
(155, 184),
(156, 185),
(157, 186),
(158, 187),
(159, 188),
(160, 227),
(161, 231),
(162, 234),
(163, 242),
(164, 270),
(165, 272),
(166, 280),
(167, 289),
(168, 296),
(169, 298),
(170, 308),
(171, 313),
(172, 330),
(173, 331),
(174, 333),
(175, 339),
(176, 340),
(177, 347),
(178, 348),
(179, 364),
(180, 365),
(181, 366),
(182, 380),
(183, 428),
(184, 22),
(185, 43),
(186, 48),
(187, 54),
(188, 55),
(189, 71),
(190, 76),
(191, 77),
(192, 78),
(193, 79),
(194, 94),
(195, 105),
(196, 106),
(197, 107),
(198, 115),
(199, 116),
(200, 122),
(201, 136),
(202, 141),
(203, 146),
(204, 149),
(205, 151),
(206, 165),
(207, 170),
(208, 171),
(209, 172),
(210, 173),
(211, 177),
(212, 178),
(213, 179),
(214, 180),
(215, 181),
(216, 184),
(217, 185),
(218, 186),
(219, 187),
(220, 188),
(221, 227),
(222, 231),
(223, 234),
(224, 242),
(225, 270),
(226, 272),
(227, 280),
(228, 289),
(229, 296),
(230, 298),
(231, 308),
(232, 313),
(233, 330),
(234, 331),
(235, 333),
(236, 339),
(237, 340),
(238, 347),
(239, 348),
(240, 364),
(241, 365),
(242, 366),
(243, 380),
(244, 428),
(245, 22),
(246, 43),
(247, 48),
(248, 54),
(249, 55),
(250, 71),
(251, 76),
(252, 77),
(253, 78),
(254, 79),
(255, 94),
(256, 105),
(257, 106),
(258, 107),
(259, 115),
(260, 116),
(261, 122),
(262, 136),
(263, 141),
(264, 146),
(265, 149),
(266, 151),
(267, 165),
(268, 170),
(269, 171),
(270, 172),
(271, 173),
(272, 177),
(273, 178),
(274, 179),
(275, 180),
(276, 181),
(277, 184),
(278, 185),
(279, 186),
(280, 187),
(281, 188),
(282, 227),
(283, 231),
(284, 234),
(285, 242),
(286, 270),
(287, 272),
(288, 280),
(289, 289),
(290, 296),
(291, 298),
(292, 308),
(293, 313),
(294, 330),
(295, 331),
(296, 333),
(297, 339),
(298, 340),
(299, 347),
(300, 348),
(301, 364),
(302, 365),
(303, 366),
(304, 380),
(305, 428),
(306, 151),
(307, 22),
(308, 43),
(309, 48),
(310, 54),
(311, 55),
(312, 71),
(313, 76),
(314, 77),
(315, 78),
(316, 79),
(317, 94),
(318, 105),
(319, 106),
(320, 107),
(321, 115),
(322, 116),
(323, 122),
(324, 136),
(325, 141),
(326, 146),
(327, 149),
(328, 151),
(329, 165),
(330, 170),
(331, 171),
(332, 172),
(333, 173),
(334, 177),
(335, 178),
(336, 179),
(337, 180),
(338, 181),
(339, 184),
(340, 185),
(341, 186),
(342, 187),
(343, 188),
(344, 227),
(345, 231),
(346, 234),
(347, 242),
(348, 270),
(349, 272),
(350, 280),
(351, 289),
(352, 296),
(353, 298),
(354, 308),
(355, 313),
(356, 330),
(357, 331),
(358, 333),
(359, 339),
(360, 340),
(361, 347),
(362, 348),
(363, 364),
(364, 365),
(365, 366),
(366, 380),
(367, 428);

-- --------------------------------------------------------

--
-- Table structure for table `article`
--

CREATE TABLE `article` (
  `id` int(11) NOT NULL,
  `code` varchar(255) DEFAULT NULL,
  `intitule` varchar(50) DEFAULT NULL,
  `code_famille` varchar(255) DEFAULT NULL,
  `id_catalogue` int(11) DEFAULT NULL,
  `idsuivistock` int(11) DEFAULT NULL,
  `code_unite` varchar(100) DEFAULT NULL,
  `code_tauxtvaAchat` varchar(255) DEFAULT NULL,
  `code_tauxtvaVente` varchar(255) DEFAULT NULL,
  `idTypeArticle` int(11) DEFAULT NULL,
  `prixAchat` float DEFAULT NULL,
  `prixVente` float DEFAULT NULL,
  `prixTTC` float NOT NULL,
  `pv_inclu_tva` tinyint(4) DEFAULT NULL,
  `prix_marchand` float DEFAULT NULL,
  `prix_de_gros` float DEFAULT NULL,
  `code_FrPrincipale` varchar(255) DEFAULT NULL,
  `stock_minimal` int(11) DEFAULT NULL,
  `stockreel` double DEFAULT 0,
  `date_debut` date DEFAULT NULL,
  `valeur_unit` float DEFAULT NULL,
  `qte_commande` int(11) DEFAULT NULL,
  `CMUP` double DEFAULT NULL,
  `codeBarre` varchar(255) DEFAULT NULL,
  `duree` int(11) DEFAULT NULL
) ENGINE=InnoDB DEFAULT CHARSET=utf8;

--
-- Dumping data for table `article`
--

INSERT INTO `article` (`id`, `code`, `intitule`, `code_famille`, `id_catalogue`, `idsuivistock`, `code_unite`, `code_tauxtvaAchat`, `code_tauxtvaVente`, `idTypeArticle`, `prixAchat`, `prixVente`, `prixTTC`, `pv_inclu_tva`, `prix_marchand`, `prix_de_gros`, `code_FrPrincipale`, `stock_minimal`, `stockreel`, `date_debut`, `valeur_unit`, `qte_commande`, `CMUP`, `codeBarre`, `duree`) VALUES
(2, 'code1', 'test', 'tes', NULL, 2, '1', '1', '2', 1, 100, 120, 0, NULL, 130, 90, '', 100, 2004, NULL, NULL, NULL, 0.10179640718563, '', NULL),
(8, 'IMPCANONG3411', 'IMPRIMANTE MULTIFONCTION WIFI PIXMA G3411 JET D\'EN', 'MAT', NULL, 1, '', 'A20', 'V20', 2, 0, 1416.67, 1700, 1, 0, 0, '', 0, 0, NULL, NULL, NULL, NULL, '', NULL),
(9, 'IMPHP130A', 'IMPRIMANTE HP LASER JET PRO 130A', 'MAT', NULL, 1, '', 'A20', 'V20', 2, 0, 1208.33, 1450, 1, 0, 0, '', 0, 0, NULL, NULL, NULL, NULL, '', NULL),
(10, 'IMPHPM102A', 'IMPRIMANTE HP LASER JET PRO M102A', 'MAT', NULL, 1, '', 'A20', 'V20', 2, 0, 691.67, 830, 1, 0, 0, '', 0, 0, NULL, NULL, NULL, NULL, '', NULL),
(11, 'INTERVE', 'INTEVENTION ET SERVICE INFORMATIQUE ', 'MAT', NULL, 1, '', 'A20', 'V20', 2, 0, 200, 240, 1, 0, 0, '', 0, 0, NULL, NULL, NULL, NULL, '', NULL),
(12, 'MAT', 'MAT', 'MAT', NULL, 1, '', 'A20', 'V20', 2, 0, 0, 0, 1, 0, 0, '', 0, 0, NULL, NULL, NULL, NULL, '', NULL),
(13, 'PA030106581', 'SCANSNAP iX100 USB POWER ADAPTER', 'MAT', NULL, 1, '', 'A20', 'V20', 2, 0, 2361.8, 2834.16, 1, 0, 0, '', 0, 0, NULL, NULL, NULL, NULL, '', NULL),
(14, 'PA03643B001', 'FUJITSU SCANNER SCANSNAP S1300I', 'MAT', NULL, 1, '', 'A20', 'V20', 2, 0, 3135.46, 3762.55, 1, 0, 0, '', 0, 0, NULL, NULL, NULL, NULL, '', NULL),
(15, 'PA03750-B001', 'FUJISTU SCANNER FI-7030', 'MAT', NULL, 1, '', 'A20', 'V20', 2, 0, 7003.24, 8403.89, 1, 0, 0, '', 0, 0, NULL, NULL, NULL, NULL, '', NULL),
(16, 'BOXFABRIANO', 'BOX PAPIER A4 FABRIANO', 'PAPIERA4', NULL, 1, '', 'A20', 'V20', 2, 140, 191.67, 230, 1, 0, 0, '', 0, 0, NULL, NULL, NULL, NULL, '', NULL),
(17, 'HP80GA4', 'HP Office 80 Grs - Ramette', 'PAPIERA4', NULL, 1, '', 'A20', 'V20', 2, 30.5, 0, 0, 1, 0, 0, '', 0, 0, NULL, NULL, NULL, NULL, '', NULL),
(18, 'PAPIERDOUBLEA', 'PAPIER A4 DOUBLE A BOX', 'PAPIERA4', NULL, 1, '', 'A20', 'V20', 2, 145.85, 191.67, 230, 1, 0, 0, '', 0, 0, NULL, NULL, NULL, NULL, '', NULL),
(19, 'PAPIERHP', 'PAPIER A4 BOX HP', 'PAPIERA4', NULL, 1, '', 'A20', 'V20', 2, 152.5, 233.33, 280, 1, 0, 0, '', 0, 0, NULL, NULL, NULL, NULL, '', NULL),
(20, 'PAPIERNAVI', 'BOX PAPIER A4 NAVIGATOR', 'PAPIERA4', NULL, 1, '', 'A20', 'V20', 2, 162.5, 225, 270, 1, 0, 0, '', 0, 0, NULL, NULL, NULL, NULL, '', NULL),
(21, 'PAPIERNAVIGATOR', 'BOX PAPIER A4 NAVIGATOR', 'PAPIERA4', NULL, 1, '', 'A20', 'V20', 2, 165, 225, 270, 1, 0, 0, '', 0, 0, NULL, NULL, NULL, NULL, '', NULL),
(22, 'PAPIERTARGET', 'PAPIER TARGET A4 BOX', 'PAPIERA4', NULL, 1, '', 'A20', 'V20', 2, 237.5, 275, 330, 1, 0, 0, '', 0, -31, NULL, NULL, NULL, NULL, '', NULL),
(23, 'PAPIER_FABRIANO', 'PAPIER FABRIANO ', 'PAPIERA4', NULL, 1, '', 'A20', 'V20', 2, 150, 191.67, 230, 1, 0, 0, '', 0, 0, NULL, NULL, NULL, NULL, '', NULL),
(24, 'PAPIER_NAVIGATOR', 'BOX PAPIER A4 NAVIGATOR', 'PAPIERA4', NULL, 1, '', 'A20', 'V20', 2, 165, 225, 270, 1, 0, 0, '', 0, 0, NULL, NULL, NULL, NULL, '', NULL),
(25, 'PION80GA4', 'PIONNER 80 Grs A4 Ramette', 'PAPIERA4', NULL, 1, '', 'A20', 'V20', 2, 34.5, 0, 0, 1, 0, 0, '', 0, 0, NULL, NULL, NULL, NULL, '', NULL),
(26, 'TRGPRO75GA4', 'TARGET Professional 75 Grs A4', 'PAPIERA4', NULL, 1, '', 'A20', 'V20', 2, 31.5, 225, 270, 1, 0, 0, '', 0, 0, NULL, NULL, NULL, NULL, '', NULL),
(27, 'EPSWFDS-60000N', 'Epson WF DS-60000N, Scanners,A3, 200Pages , Auto ', 'SCANNER', NULL, 1, '', 'A20', 'V20', 2, 0, 0, 0, 1, 0, 0, '', 0, 0, NULL, NULL, NULL, NULL, '', NULL),
(28, 'PA03670-B051', 'FUJITSU Scanner fi-7160', 'SCANNER', NULL, 1, '', 'A20', 'V20', 2, 10522.8, 11250, 13500, 1, 0, 0, '', 0, 0, NULL, NULL, NULL, NULL, '', NULL),
(29, 'SCANNER', 'SC', 'SCANNER', NULL, 1, '', 'A20', 'V20', 2, 0, 0, 0, 1, 0, 0, '', 0, 0, NULL, NULL, NULL, NULL, '', NULL),
(30, 'SERVICEMAINT', 'SERVICE MAINTENANCE INFORMATIQUE', 'SERVICE', NULL, 3, '', 'A20', 'V20', 2, 0, 166.67, 200, 1, 0, 0, '', 0, 0, NULL, NULL, NULL, NULL, '', NULL),
(31, 'B_HP_MOH54AE', 'BOTTLE ORIGINAL HP MOH54AE', 'TONECOMPAT', 1, 1, '89', 'A20', 'V20', 2, 0, 105, 126, 1, 0, 0, '', 0, 0, NULL, NULL, 0, NULL, '', NULL),
(32, 'B_HP_MOH55AE', 'BOTTLE ORIGINAL HP MOH55AE', 'TONECOMPAT', NULL, 1, '', 'A20', 'V20', 2, 0, 105, 126, 1, 0, 0, '', 0, 0, NULL, NULL, NULL, NULL, '', NULL),
(33, 'B_HP_MOH56AE', 'BOTTLE ORIGINAL HP MOH56AE', 'TONECOMPAT', NULL, 1, '', 'A20', 'V20', 2, 0, 105, 126, 1, 0, 0, '', 0, 0, NULL, NULL, NULL, NULL, '', NULL),
(34, 'B_HP_MOH57AE', 'BOTTLE ORIGINALE HP MOH57AE', 'TONECOMPAT', NULL, 1, '', 'A20', 'V20', 2, 0, 158.33, 190, 1, 0, 0, '', 0, 0, NULL, NULL, NULL, NULL, '', NULL),
(35, 'CARTHP920CLR', 'CARTOUCHE HP 920COILEUR', 'TONECOMPAT', NULL, 1, '', 'A20', 'V20', 2, 200, 250, 300, 1, 0, 0, '', 0, 0, NULL, NULL, NULL, NULL, '', NULL),
(36, 'CARTHP920NOIR', 'CARTOUCHE HP920 NOIR ', 'TONECOMPAT', NULL, 1, '', 'A20', 'V20', 2, 0, 550, 660, 1, 0, 0, '', 0, 0, NULL, NULL, NULL, NULL, '', NULL),
(37, 'CARTHP951_CLR', 'CARTOUCHE HP 951 COULEUR ', 'TONECOMPAT', NULL, 1, '', 'A20', 'V20', 2, 0, 279.17, 335, 1, 0, 0, '', 0, 0, NULL, NULL, NULL, NULL, '', NULL),
(38, 'CARTOUCHES_CAN_440', 'CARTOUCHES CANON 440', 'TONECOMPAT', NULL, 1, '', 'A20', 'V20', 2, 0, 175, 210, 1, 0, 0, '', 0, 0, NULL, NULL, NULL, NULL, '', NULL),
(39, 'CART_HP650', 'CARTOUCHE HP 650 NOIR ', 'TONECOMPAT', NULL, 1, '', 'A20', 'V20', 2, 0, 208.33, 250, 1, 0, 0, '', 0, 0, NULL, NULL, NULL, NULL, '', NULL),
(40, 'CATHP950_NOIR', 'CARTOUCHE HP 950 NOIR', 'TONECOMPAT', NULL, 1, '', 'A20', 'V20', 2, 0, 380, 456, 1, 0, 0, '', 0, 0, NULL, NULL, NULL, NULL, '', NULL),
(41, 'CCCL_446', 'CARTOUCHE CANON COULEUR 446', 'TONECOMPAT', NULL, 1, '', 'A20', 'V20', 2, 170, 244.17, 293, 1, 0, 0, '', 0, 0, NULL, NULL, NULL, NULL, '', NULL),
(42, 'CE314A', 'TONER COMPATIBLE CE314A', 'TONECOMPAT', NULL, 1, '', 'A20', 'V20', 2, 0, 141.67, 170, 1, 0, 0, '', 0, 0, NULL, NULL, NULL, NULL, '', NULL),
(43, 'DCLMX310', 'DRUM COMPATIBLE LEXMARK MX310', 'TONECOMPAT', NULL, 1, '', 'A20', 'V20', 2, 300, 470, 564, 1, 0, 0, '', 0, -3, NULL, NULL, NULL, NULL, '', NULL),
(44, 'DRUMCEXV42', 'DRUM COMPATIBLE  CANON CEXV42', 'TONECOMPAT', NULL, 1, '', 'A20', 'V20', 2, 0, 500, 600, 1, 0, 0, '', 0, 0, NULL, NULL, NULL, NULL, '', NULL),
(45, 'EPSON_M2000', 'EPSON M 2000', 'TONECOMPAT', NULL, 1, '', 'A20', 'V20', 2, 84, 175, 210, 1, 0, 0, '', 0, 0, NULL, NULL, NULL, NULL, '', NULL),
(46, 'RC_NOIR_OKIML5520', 'RUBON COMPATIBLE NOIR OKI ML 5520', 'TONECOMPAT', NULL, 1, '', 'A20', 'V20', 2, 0, 40, 48, 1, 0, 0, '', 0, 0, NULL, NULL, NULL, NULL, '', NULL),
(47, 'RICOH_SP150', 'RICOH SP150', 'TONECOMPAT', NULL, 1, '', 'A20', 'V20', 2, 175, 285, 342, 1, 0, 0, '', 0, 0, NULL, NULL, NULL, NULL, '', NULL),
(48, 'TAMB32A', 'TAMBOUR HP 32A', 'TONECOMPAT', NULL, 1, '', 'A20', 'V20', 2, 150, 208.33, 250, 1, 0, 0, '', 0, -1, NULL, NULL, NULL, NULL, '', NULL),
(49, 'TAMSAMMLTR116', 'TAMBOUR COMPATIBLE SAMSUNG MLTR116', 'TONECOMPAT', NULL, 1, '', 'A20', 'V20', 2, 120, 190, 228, 1, 0, 0, '', 0, 0, NULL, NULL, NULL, NULL, '', NULL),
(50, 'TCBROTHERTN580', 'TONER COMPATIBLE BROTHER TN580', 'TONECOMPAT', NULL, 1, '', 'A20', 'V20', 2, 100, 158.33, 190, 1, 0, 0, '', 0, 0, NULL, NULL, NULL, NULL, '', NULL),
(51, 'TCBROTHER_TN221C', 'TONER COMPATIBLE BROTHER TN221C', 'TONECOMPAT', NULL, 1, '', 'A20', 'V20', 2, 0, 225, 270, 1, 0, 0, '', 0, 0, NULL, NULL, NULL, NULL, '', NULL),
(52, 'TCBROTHER_TN221M', 'TONER COMPATIBLE BROTHER TN221M', 'TONECOMPAT', NULL, 1, '', 'A20', 'V20', 2, 0, 225, 270, 1, 0, 0, '', 0, 0, NULL, NULL, NULL, NULL, '', NULL),
(53, 'TCBROTHER_TN221Y', 'TONER COMPATIBLE BROTHER TN221Y', 'TONECOMPAT', NULL, 1, '', 'A20', 'V20', 2, 0, 225, 270, 1, 0, 0, '', 0, 0, NULL, NULL, NULL, NULL, '', NULL),
(54, 'TCBROTHER_TN3230', 'TONER COMPATIBLE BROTHER TN3230', 'TONECOMPAT', NULL, 1, '', 'A20', 'V20', 2, 113, 175, 210, 1, 0, 0, '', 0, -1, NULL, NULL, NULL, NULL, '', NULL),
(55, 'TCBROTN3380', 'TONER COMPATIBLE BROTHER TN3380', 'TONECOMPAT', NULL, 1, '', 'A20', 'V20', 2, 135, 200, 240, 1, 0, 0, '', 0, -1, NULL, NULL, NULL, NULL, '', NULL),
(56, 'TCBROTN450', 'TONER COMPATIBLE BROTHER TN450', 'TONECOMPAT', NULL, 1, '', 'A20', 'V20', 2, 0, 108.33, 130, 1, 0, 0, '', 0, 0, NULL, NULL, NULL, NULL, '', NULL),
(57, 'TCBRTN1050', 'TONER COMPATIBLE BROTHER TN 1050', 'TONECOMPAT', NULL, 1, '', 'A20', 'V20', 2, 0, 105, 126, 1, 0, 0, '', 0, 0, NULL, NULL, NULL, NULL, '', NULL),
(58, 'TCBRTN3330', 'TONER COMPATIBLE BROTHER TN3330', 'TONECOMPAT', NULL, 1, '', 'A20', 'V20', 2, 0, 185, 222, 1, 0, 0, '', 0, 0, NULL, NULL, NULL, NULL, '', NULL),
(59, 'TCBRTN421CLR', 'TONER COMPATIBLE BRPTHER TN421 COULEUR ', 'TONECOMPAT', NULL, 1, '', 'A20', 'V20', 2, 150, 208.33, 250, 1, 0, 0, '', 0, 0, NULL, NULL, NULL, NULL, '', NULL),
(60, 'TCBRTN421NOIR', 'TONER COMPATIBLE BROTHER TN421 NOIR', 'TONECOMPAT', NULL, 1, '', 'A20', 'V20', 2, 150, 208.33, 250, 1, 0, 0, '', 0, 0, NULL, NULL, NULL, NULL, '', NULL),
(61, 'TCBRTN720', 'TONER COMPATIBLE BROTHER TN 720', 'TONECOMPAT', NULL, 1, '', 'A20', 'V20', 2, 0, 208.33, 250, 1, 0, 0, '', 0, 0, NULL, NULL, NULL, NULL, '', NULL),
(62, 'TCBTN1050', 'TONER COMPATIBLE BROTHER TN1050', 'TONECOMPAT', NULL, 1, '', 'A20', 'V20', 2, 0, 105, 126, 1, 0, 0, '', 0, 0, NULL, NULL, NULL, NULL, '', NULL),
(63, 'TCBTN200', 'TONER COMPATIBLE BROTHER TN2000', 'TONECOMPAT', NULL, 1, '', 'A20', 'V20', 2, 0, 105, 126, 1, 0, 0, '', 0, 0, NULL, NULL, NULL, NULL, '', NULL),
(64, 'TCBTN2010', 'TONER COMPATIBLE BROTHER TN2010', 'TONECOMPAT', NULL, 1, '', 'A20', 'V20', 2, 72, 125, 150, 1, 0, 0, '', 0, 0, NULL, NULL, NULL, NULL, '', NULL),
(65, 'TCBTN2110', 'TONER COMPATIBLE BROTHER TN 2110', 'TONECOMPAT', NULL, 1, '', 'A20', 'V20', 2, 90, 165, 198, 1, 0, 0, '', 0, 0, NULL, NULL, NULL, NULL, '', NULL),
(66, 'TCBTN214_BLEU', 'TONER COMPATIBLE BROTHER TN241 BLEU', 'TONECOMPAT', NULL, 1, '', 'A20', 'V20', 2, 130, 275, 330, 1, 0, 0, '', 0, 0, NULL, NULL, NULL, NULL, '', NULL),
(67, 'TCBTN2320', 'TONER COMPATIBLE BROTHER TN2320', 'TONECOMPAT', NULL, 1, '', 'A20', 'V20', 2, 0, 105, 126, 1, 0, 0, '', 0, 0, NULL, NULL, NULL, NULL, '', NULL),
(68, 'TCBTN241', 'TONER COMPATIBLE BROTHER TN241', 'TONECOMPAT', NULL, 1, '', 'A20', 'V20', 2, 130, 229.17, 275, 1, 0, 0, '', 0, 0, NULL, NULL, NULL, NULL, '', NULL),
(69, 'TCBTN241_JAUNE', 'TONER COMPATIBLE BROTHER TN241 JAUNE', 'TONECOMPAT', NULL, 1, '', 'A20', 'V20', 2, 130, 275, 330, 1, 0, 0, '', 0, 0, NULL, NULL, NULL, NULL, '', NULL),
(70, 'TCBTN241_MAGENTA', 'TONER COMPATIBLE BROTHER TN241 MAGENTA', 'TONECOMPAT', NULL, 1, '', 'A20', 'V20', 2, 130, 275, 330, 1, 0, 0, '', 0, 0, NULL, NULL, NULL, NULL, '', NULL),
(71, 'TCBTN2420', 'TONER COMPATIBLE BROTHER TN2420', 'TONECOMPAT', NULL, 1, '', 'A20', 'V20', 2, 0, 208.33, 250, 1, 0, 0, '', 0, -1, NULL, NULL, NULL, NULL, '', NULL),
(72, 'TCBTN3030', 'TONER COMPATIBLE BROTHER TN3030', 'TONECOMPAT', NULL, 1, '', 'A20', 'V20', 2, 150, 205, 246, 1, 0, 0, '', 0, 0, NULL, NULL, NULL, NULL, '', NULL),
(73, 'TCBTN3330', 'TONER COMPATIBLE BROTHER TN 3330', 'TONECOMPAT', NULL, 1, '', 'A20', 'V20', 2, 120, 185, 222, 1, 0, 0, '', 0, 0, NULL, NULL, NULL, NULL, '', NULL),
(74, 'TCBTN8000', 'TONER COMPATIBLE BROTHER TN 8000', 'TONECOMPAT', NULL, 1, '', 'A20', 'V20', 2, 0, 100, 120, 1, 0, 0, '', 0, 0, NULL, NULL, NULL, NULL, '', NULL),
(75, 'TCB_TN2220', 'TONER COMPATIBLE BROTHER TN 2220', 'TONECOMPAT', NULL, 1, '', 'A20', 'V20', 2, 0, 135, 162, 1, 0, 0, '', 0, 0, NULL, NULL, NULL, NULL, '', NULL),
(76, 'TCC052H', 'TONER COMPATIBLE CANON 052H', 'TONECOMPAT', NULL, 1, '', 'A20', 'V20', 2, 180, 280, 336, 1, 0, 0, '', 0, -2, NULL, NULL, NULL, NULL, '', NULL),
(77, 'TCC054_COLOR', 'TONER COMPATIBLE CANON 054 COLOR', 'TONECOMPAT', NULL, 1, '', 'A20', 'V20', 2, 150, 200, 240, 1, 0, 0, '', 0, -9, NULL, NULL, NULL, NULL, '', NULL),
(78, 'TCC054_NOIR', 'TONER COMPATIBLE CANON 054 NOIR ', 'TONECOMPAT', NULL, 1, '', 'A20', 'V20', 2, 140, 200, 240, 1, 0, 0, '', 0, -5, NULL, NULL, NULL, NULL, '', NULL),
(79, 'TCC3052', 'TONER COMPATIBLE CANON 3052', 'TONECOMPAT', NULL, 1, '', 'A20', 'V20', 2, 150, 230, 276, 1, 0, 0, '', 0, -3, NULL, NULL, NULL, NULL, '', NULL),
(80, 'TCCANONCRG728', 'TONER COMPATIBLE CANON CRG728', 'TONECOMPAT', NULL, 1, '', 'A20', 'V20', 2, 55, 125, 150, 1, 0, 0, '', 0, 0, NULL, NULL, NULL, NULL, '', NULL),
(81, 'TCCANON_CE_505A', 'TONER COMPATIBLE CANON CE 505A', 'TONECOMPAT', NULL, 1, '', 'A20', 'V20', 2, 62, 125, 150, 1, 0, 0, '', 0, 0, NULL, NULL, NULL, NULL, '', NULL),
(82, 'TCCANON_EXV42', 'TONER COMPATIBLE CANON EXV42', 'TONECOMPAT', NULL, 1, '', 'A20', 'V20', 2, 73.5, 125, 150, 1, 0, 0, '', 0, 0, NULL, NULL, NULL, NULL, '', NULL),
(83, 'TCCAN_06A', 'TONER COMPATIBLE CANON06a', 'TONECOMPAT', NULL, 1, '', 'A20', 'V20', 2, 0, 150, 180, 1, 0, 0, '', 0, 0, NULL, NULL, NULL, NULL, '', NULL),
(84, 'TCCCB540_B', 'TONER COMPATIBLE CANON CB540 BLACK', 'TONECOMPAT', NULL, 1, '', 'A20', 'V20', 2, 0, 150, 180, 1, 0, 0, '', 0, 0, NULL, NULL, NULL, NULL, '', NULL),
(85, 'TCCCB540_CY', 'TONER COMPATIBLE CANON CV540 CYAN', 'TONECOMPAT', NULL, 1, '', 'A20', 'V20', 2, 0, 150, 180, 1, 0, 0, '', 0, 0, NULL, NULL, NULL, NULL, '', NULL),
(86, 'TCCCB540_MAG', 'TONER COMPATIBLE CANON CB540 MAGENTA ', 'TONECOMPAT', NULL, 1, '', 'A20', 'V20', 2, 0, 150, 180, 1, 0, 0, '', 0, 0, NULL, NULL, NULL, NULL, '', NULL),
(87, 'TCCCB540_YEL', 'TTONER COMPATIBLE CANON CB540 YELLOW', 'TONECOMPAT', NULL, 1, '', 'A20', 'V20', 2, 0, 150, 180, 1, 0, 0, '', 0, 0, NULL, NULL, NULL, NULL, '', NULL),
(88, 'TCCCC530', 'TONER COMPATIBLE CANON CC530 ', 'TONECOMPAT', NULL, 1, '', 'A20', 'V20', 2, 125, 180, 216, 1, 0, 0, '', 0, 0, NULL, NULL, NULL, NULL, '', NULL),
(89, 'TCCCEXV18', 'TONER COMPATIBLE CANON CEXV18', 'TONECOMPAT', NULL, 1, '', 'A20', 'V20', 2, 0, 175, 210, 1, 0, 0, '', 0, 0, NULL, NULL, NULL, NULL, '', NULL),
(90, 'TCCCEXV50_B', 'TONER COMPATIBLE CANON CEXV50 BLACK', 'TONECOMPAT', NULL, 1, '', 'A20', 'V20', 2, 0, 233.33, 280, 1, 0, 0, '', 0, 0, NULL, NULL, NULL, NULL, '', NULL),
(91, 'TCCCRG045_CLR', 'TONER COMPATIBLE CANON CRG 045 CLR', 'TONECOMPAT', NULL, 1, '', 'A20', 'V20', 2, 0, 150, 180, 1, 0, 0, '', 0, 0, NULL, NULL, NULL, NULL, '', NULL),
(92, 'TCCCRG045_NOIR', 'TONER COMPATILE CANON CRG045 NOIR ', 'TONECOMPAT', NULL, 1, '', 'A20', 'V20', 2, 100, 150, 180, 1, 0, 0, '', 0, 0, NULL, NULL, NULL, NULL, '', NULL),
(93, 'TCCCRG725', 'TONER COMPATIBLE CANON CRG 725', 'TONECOMPAT', NULL, 1, '', 'A20', 'V20', 2, 65, 125, 150, 1, 0, 0, '', 0, 0, NULL, NULL, NULL, NULL, '', NULL),
(94, 'TCCDXC3822I', 'TONER COMPATIBLE CANON DXC3522I ', 'TONECOMPAT', NULL, 1, '', 'A20', 'V20', 2, 337.5, 458.33, 550, 1, 0, 0, '', 0, -12, NULL, NULL, NULL, NULL, '', NULL),
(95, 'TCCEVX36B', 'TONER COMPATIBLE CA2NON CEXV36 BLACK', 'TONECOMPAT', NULL, 1, '', 'A20', 'V20', 2, 0, 541.67, 650, 1, 0, 0, '', 0, 0, NULL, NULL, NULL, NULL, '', NULL),
(96, 'TCCTN219', 'TONER COMPATIBLE CONIKA MINOLTA TN219', 'TONECOMPAT', NULL, 1, '', 'A20', 'V20', 2, 0, 408.33, 490, 1, 0, 0, '', 0, 0, NULL, NULL, NULL, NULL, '', NULL),
(97, 'TCC_EXV40', 'TONER COMPATIBLE CANON EXV40', 'TONECOMPAT', NULL, 1, '', 'A20', 'V20', 2, 120, 190, 228, 1, 0, 0, '', 0, 0, NULL, NULL, NULL, NULL, '', NULL),
(98, 'TCEM200', 'TONER COMPATIBLE EPSON M200', 'TONECOMPAT', NULL, 1, '', 'A20', 'V20', 2, 0, 170, 204, 1, 0, 0, '', 0, 0, NULL, NULL, NULL, NULL, '', NULL),
(99, 'TCEPM1200', 'TONER COMPATIBLE EPSON M1200', 'TONECOMPAT', NULL, 1, '', 'A20', 'V20', 2, 0, 200, 240, 1, 0, 0, '', 0, 0, NULL, NULL, NULL, NULL, '', NULL),
(100, 'TCEPSONEPL6200', 'TONER COMPATIBLE EPSON EPL 6200', 'TONECOMPAT', NULL, 1, '', 'A20', 'V20', 2, 0, 190, 228, 1, 0, 0, '', 0, 0, NULL, NULL, NULL, NULL, '', NULL),
(101, 'TCEPSON_1400', 'TONER COMPATIBLE EPSON 1400', 'TONECOMPAT', NULL, 1, '', 'A20', 'V20', 2, 0, 90, 108, 1, 0, 0, '', 0, 0, NULL, NULL, NULL, NULL, '', NULL),
(102, 'TCEPSON_M2300', 'TONER COMPATIBLE EPSON M2300', 'TONECOMPAT', NULL, 1, '', 'A20', 'V20', 2, 105, 208.33, 250, 1, 0, 0, '', 0, 0, NULL, NULL, NULL, NULL, '', NULL),
(103, 'TCHOCE402A', 'TONER COMPATIBLE HP CE402A', 'TONECOMPAT', NULL, 1, '', 'A20', 'V20', 2, 0, 280, 336, 1, 0, 0, '', 0, 0, NULL, NULL, NULL, NULL, '', NULL),
(104, 'TCHP-92A', 'TONER COMPATIBLE HP C4092A', 'TONECOMPAT', NULL, 1, '', 'A20', 'V20', 2, 65, 125, 150, 1, 0, 0, '', 0, 1, NULL, NULL, NULL, NULL, '', NULL),
(105, 'TCHP05A', 'TONER COMPATIBLE HP 05A', 'TONECOMPAT', NULL, 1, '', 'A20', 'V20', 2, 82.5, 150, 180, 1, 0, 0, '', 0, -14, NULL, NULL, NULL, NULL, '', NULL),
(106, 'TCHP106A', 'TONER COMPATIBLE HP 106A', 'TONECOMPAT', NULL, 1, '', 'A20', 'V20', 2, 270, 333.33, 400, 1, 0, 0, '', 0, -1, NULL, NULL, NULL, NULL, '', NULL),
(107, 'TCHP12A', 'TONER COMPATIBLE HP 12A', 'TONECOMPAT', NULL, 1, '', 'A20', 'V20', 2, 75, 125, 150, 1, 0, 0, '', 0, -5, NULL, NULL, NULL, NULL, '', NULL),
(108, 'TCHP130A', 'TONER COMPATIBLE HP 130A', 'TONECOMPAT', NULL, 1, '', 'A20', 'V20', 2, 0, 125, 150, 1, 0, 0, '', 0, 0, NULL, NULL, NULL, NULL, '', NULL),
(109, 'TCHP131A', 'TONER COMPATIBLE HP 131A', 'TONECOMPAT', NULL, 1, '', 'A20', 'V20', 2, 0, 183.33, 220, 1, 0, 0, '', 0, 0, NULL, NULL, NULL, NULL, '', NULL),
(110, 'TCHP1320N', 'TONER COMPATIBLE HP 1320N', 'TONECOMPAT', NULL, 1, '', 'A20', 'V20', 2, 0, 125, 150, 1, 0, 0, '', 0, 0, NULL, NULL, NULL, NULL, '', NULL),
(111, 'TCHP136A', 'TONER COMPATIBLE HP 136A', 'TONECOMPAT', NULL, 1, '', 'A20', 'V20', 2, 0, 350, 420, 1, 0, 0, '', 0, 0, NULL, NULL, NULL, NULL, '', NULL),
(112, 'TCHP15A', 'TONER COMPATIBLE HP 15A', 'TONECOMPAT', NULL, 1, '', 'A20', 'V20', 2, 55, 125, 150, 1, 0, 0, '', 0, 0, NULL, NULL, NULL, NULL, '', NULL),
(113, 'TCHP17A', 'TONER COMPATIBLE HP 17A', 'TONECOMPAT', 0, 1, '', 'A20', 'V20', 2, 115, 200, 240, 1, 0, 0, '', 0, 1, NULL, NULL, 0, NULL, '', NULL),
(114, 'TCHP19A', 'TONER COMPATIBLE HP 19A', 'TONECOMPAT', NULL, 1, '', 'A20', 'V20', 2, 120, 250, 300, 1, 0, 0, '', 0, 3, NULL, NULL, NULL, NULL, '', NULL),
(115, 'TCHP207A', 'TONER COMPATIBLE HP 207A', 'TONECOMPAT', NULL, 1, '', 'A20', 'V20', 2, 175, 250, 300, 1, 0, 0, '', 0, -4, NULL, NULL, NULL, NULL, '', NULL),
(116, 'TCHP26A', 'TONER COMPATIBLE HP 26A', 'TONECOMPAT', NULL, 1, '', 'A20', 'V20', 2, 120, 208.33, 250, 1, 0, 0, '', 0, -1, NULL, NULL, NULL, NULL, '', NULL),
(117, 'TCHP282A', 'TONER COMPATIBLE HP 282A SANS PUCE', 'TONECOMPAT', NULL, 1, '', 'A20', 'V20', 2, 150, 208.33, 250, 1, 0, 0, '', 0, 0, NULL, NULL, NULL, NULL, '', NULL),
(118, 'TCHP304A', 'TONER COMPATIBLE HP 304A', 'TONECOMPAT', NULL, 1, '', 'A20', 'V20', 2, 0, 180, 216, 1, 0, 0, '', 0, 0, NULL, NULL, NULL, NULL, '', NULL),
(119, 'TCHP30A', 'TONER COMPATIBLE HP 30A', 'TONECOMPAT', NULL, 1, '', 'A20', 'V20', 2, 90, 250, 300, 1, 0, 0, '', 0, 0, NULL, NULL, NULL, NULL, '', NULL),
(120, 'TCHP310A', 'TONER COMPATIBLE HP 310A', 'TONECOMPAT', NULL, 1, '', 'A20', 'V20', 2, 75, 135, 162, 1, 0, 0, '', 0, 0, NULL, NULL, NULL, NULL, '', NULL),
(121, 'TCHP314A', 'TONER COMPATIBLE HP DROME CE314A', 'TONECOMPAT', NULL, 1, '', 'A20', 'V20', 2, 135, 208.33, 250, 1, 0, 0, '', 0, 0, NULL, NULL, NULL, NULL, '', NULL),
(122, 'TCHP351A', 'TONER COMPATIBLE HP CF351A', 'TONECOMPAT', NULL, 1, '', 'A20', 'V20', 2, 78, 135, 162, 1, 0, 0, '', 0, -2, NULL, NULL, NULL, NULL, '', NULL),
(123, 'TCHP35A', 'TONER COMPATIBLE HP 35A', 'TONECOMPAT', NULL, 1, '', 'A20', 'V20', 2, 65, 125, 150, 1, 0, 0, '', 0, 1, NULL, NULL, NULL, NULL, '', NULL),
(124, 'TCHP360A', 'TONER COMPATIBLE HP CF360A', 'TONECOMPAT', NULL, 1, '', 'A20', 'V20', 2, 0, 500, 600, 1, 0, 0, '', 0, 0, NULL, NULL, NULL, NULL, '', NULL),
(125, 'TCHP361A', 'TONER COMPATIBLE HP CF361A', 'TONECOMPAT', NULL, 1, '', 'A20', 'V20', 2, 0, 500, 600, 1, 0, 0, '', 0, 0, NULL, NULL, NULL, NULL, '', NULL),
(126, 'TCHP362A', 'TONER COMPATIBLE HP CF362A', 'TONECOMPAT', NULL, 1, '', 'A20', 'V20', 2, 0, 500, 600, 1, 0, 0, '', 0, 0, NULL, NULL, NULL, NULL, '', NULL),
(127, 'TCHP363A', 'TONER COMPATIBLE HP CF363A', 'TONECOMPAT', NULL, 1, '', 'A20', 'V20', 2, 0, 500, 600, 1, 0, 0, '', 0, 0, NULL, NULL, NULL, NULL, '', NULL),
(128, 'TCHP36A', 'TONER COMPATIBLE HP 36A', 'TONECOMPAT', NULL, 1, '', 'A20', 'V20', 2, 65, 125, 150, 1, 0, 0, '', 0, 0, NULL, NULL, NULL, NULL, '', NULL),
(129, 'TCHP37A', 'TONER COMPATIBLE HP 37A', 'TONECOMPAT', NULL, 1, '', 'A20', 'V20', 2, 295, 383.33, 460, 1, 0, 0, '', 0, 0, NULL, NULL, NULL, NULL, '', NULL),
(130, 'TCHP390A', 'TONER COMPATIBLE 390A', 'TONECOMPAT', NULL, 1, '', 'A20', 'V20', 2, 247.5, 410, 492, 1, 0, 0, '', 0, 0, NULL, NULL, NULL, NULL, '', NULL),
(131, 'TCHP400A', 'TONER COMPATIBLE HP 400A', 'TONECOMPAT', NULL, 1, '', 'A20', 'V20', 2, 150, 216.67, 260, 1, 0, 0, '', 0, 0, NULL, NULL, NULL, NULL, '', NULL),
(132, 'TCHP401A', 'TONER COMPATIBLE HP CF401A', 'TONECOMPAT', NULL, 1, '', 'A20', 'V20', 2, 0, 233.33, 280, 1, 0, 0, '', 0, 2, NULL, NULL, NULL, NULL, '', NULL),
(133, 'TCHP402A', 'TONER COMPATIBLE HP CF402A', 'TONECOMPAT', NULL, 1, '', 'A20', 'V20', 2, 0, 233.33, 280, 1, 0, 0, '', 0, 0, NULL, NULL, NULL, NULL, '', NULL),
(134, 'TCHP403A', 'TONER COMPATIBLE HP CF403A', 'TONECOMPAT', NULL, 1, '', 'A20', 'V20', 2, 0, 233.33, 280, 1, 0, 0, '', 0, 0, NULL, NULL, NULL, NULL, '', NULL),
(135, 'TCHP415A', 'TONER COMPATIBLE HP 415A ', 'TONECOMPAT', NULL, 1, '', 'A20', 'V20', 2, 0, 666.67, 800, 1, 0, 0, '', 0, 0, NULL, NULL, NULL, NULL, '', NULL),
(136, 'TCHP44A', 'TONER COMPATIBLE HP 44A', 'TONECOMPAT', NULL, 1, '', 'A20', 'V20', 2, 90, 141.67, 170, 1, 0, 0, '', 0, -1, NULL, NULL, NULL, NULL, '', NULL),
(137, 'TCHP45A', 'TONER COMPATIBLE HP 45A', 'TONECOMPAT', NULL, 1, '', 'A20', 'V20', 2, 0, 360, 432, 1, 0, 0, '', 0, 0, NULL, NULL, NULL, NULL, '', NULL),
(138, 'TCHP49A', 'TONER COMPATIBLE HP 49A', 'TONECOMPAT', NULL, 1, '', 'A20', 'V20', 2, 75, 125, 150, 1, 0, 0, '', 0, 1, NULL, NULL, NULL, NULL, '', NULL),
(139, 'TCHP51A', 'TONER COMPATIBLE HP 51A', 'TONECOMPAT', NULL, 1, '', 'A20', 'V20', 2, 0, 210, 252, 1, 0, 0, '', 0, 0, NULL, NULL, NULL, NULL, '', NULL),
(140, 'TCHP53A', 'TONER COMPATIBLE HP 53A', 'TONECOMPAT', NULL, 1, '', 'A20', 'V20', 2, 0, 125, 150, 1, 0, 0, '', 0, 0, NULL, NULL, NULL, NULL, '', NULL),
(141, 'TCHP55A', 'TONER COMPATIBLE HP 55A', 'TONECOMPAT', NULL, 1, '', 'A20', 'V20', 2, 180, 241.67, 290, 1, 0, 0, '', 0, -2, NULL, NULL, NULL, NULL, '', NULL),
(142, 'TCHP652_BLACK', 'TONER COMPATIBLE HP 652 BLACK', 'TONECOMPAT', NULL, 1, '', 'A20', 'V20', 2, 0, 150.83, 181, 1, 0, 0, '', 0, 0, NULL, NULL, NULL, NULL, '', NULL),
(143, 'TCHP652_COULEUR', 'TONER COMPATIBLE HP 652', 'TONECOMPAT', NULL, 1, '', 'A20', 'V20', 2, 0, 106.67, 128, 1, 0, 0, '', 0, 0, NULL, NULL, NULL, NULL, '', NULL),
(144, 'TCHP740A', 'TONER COMPATIBLE HP 740A', 'TONECOMPAT', NULL, 1, '', 'A20', 'V20', 2, 600, 791.67, 950, 1, 0, 0, '', 0, 0, NULL, NULL, NULL, NULL, '', NULL),
(145, 'TCHP78A', 'TONER COMPATIBLE HP 78A', 'TONECOMPAT', NULL, 1, '', 'A20', 'V20', 2, 75, 125, 150, 1, 0, 0, '', 0, 22, NULL, NULL, NULL, NULL, '', NULL),
(146, 'TCHP79A', 'TONER COMPATIBLE HP 79A', 'TONECOMPAT', NULL, 1, '', 'A20', 'V20', 2, 75, 130, 156, 1, 0, 0, '', 0, -3, NULL, NULL, NULL, NULL, '', NULL),
(147, 'TCHP80A', 'TONER COMPATIBLE HP 80A', 'TONECOMPAT', NULL, 1, '', 'A20', 'V20', 2, 75, 125, 150, 1, 0, 0, '', 0, 0, NULL, NULL, NULL, NULL, '', NULL),
(148, 'TCHP81A', 'TONER COMPATIBLE HP CF281A', 'TONECOMPAT', NULL, 1, '', 'A20', 'V20', 2, 195, 253.33, 304, 1, 0, 0, '', 0, 0, NULL, NULL, NULL, NULL, '', NULL),
(149, 'TCHP83A', 'TONER COMPATIBLE HP 83A', 'TONECOMPAT', NULL, 1, '', 'A20', 'V20', 2, 75, 125, 150, 1, 0, 0, '', 0, -11, NULL, NULL, NULL, NULL, '', NULL),
(150, 'TCHP84A', 'TONER COMPATIBLE HP 84A', 'TONECOMPAT', NULL, 1, '', 'A20', 'V20', 2, 0, 562.5, 675, 1, 0, 0, '', 0, 0, NULL, NULL, NULL, NULL, '', NULL),
(151, 'TCHP85A', 'TONER COMPATIBLE HP 85A', 'TONECOMPAT', 0, 1, '', 'A20', 'V20', 2, 75, 125, 150, 1, 0, 0, '', 0, -24, NULL, NULL, 0, NULL, '', NULL),
(152, 'TCHP87A', 'TONER COMPATIBLE HP 87A', 'TONECOMPAT', NULL, 1, '', 'A20', 'V20', 2, 155, 200.83, 241, 1, 0, 0, '', 0, 0, NULL, NULL, NULL, NULL, '', NULL),
(153, 'TCHP89A', 'TONER COMPATIBLE HP89A SANS PUCE', 'TONECOMPAT', NULL, 1, '', 'A20', 'V20', 2, 130, 208.33, 250, 1, 0, 0, '', 0, 0, NULL, NULL, NULL, NULL, '', NULL),
(154, 'TCHP90A', 'TONER COMPATIBLE HP 90A', 'TONECOMPAT', NULL, 1, '', 'A20', 'V20', 2, 235, 283.33, 340, 1, 0, 0, '', 0, 0, NULL, NULL, NULL, NULL, '', NULL),
(155, 'TCHPC9730A', 'TONER COMPATIBLE HP C9730A', 'TONECOMPAT', NULL, 1, '', 'A20', 'V20', 2, 500, 620, 744, 1, 0, 0, '', 0, 0, NULL, NULL, NULL, NULL, '', NULL),
(156, 'TCHPCB540', 'TONER COMPATIBLE HP CB540', 'TONECOMPAT', NULL, 1, '', 'A20', 'V20', 2, 105, 160, 192, 1, 0, 0, '', 0, 0, NULL, NULL, NULL, NULL, '', NULL),
(157, 'TCHPCB541A_J', 'TONER COMPATIBLE HP CB541A JAUNE', 'TONECOMPAT', NULL, 1, '', 'A20', 'V20', 2, 105, 160, 192, 1, 0, 0, '', 0, 0, NULL, NULL, NULL, NULL, '', NULL),
(158, 'TCHPCB542A_B', 'TONER COMPATIBLE HP CB542A BLEU', 'TONECOMPAT', NULL, 1, '', 'A20', 'V20', 2, 105, 160, 192, 1, 0, 0, '', 0, 0, NULL, NULL, NULL, NULL, '', NULL),
(159, 'TCHPCB543A_M', 'TONER COMPATIBLE HP CB543A MAGENTA ', 'TONECOMPAT', NULL, 1, '', 'A20', 'V20', 2, 105, 160, 192, 1, 0, 0, '', 0, 0, NULL, NULL, NULL, NULL, '', NULL),
(160, 'TCHPCE252A', 'TONER COMPATIBLE HP CE252A', 'TONECOMPAT', NULL, 1, '', 'A20', 'V20', 2, 0, 430, 516, 1, 0, 0, '', 0, 0, NULL, NULL, NULL, NULL, '', NULL),
(161, 'TCHPCE253', 'TONER COMPATIBLE HP CE253', 'TONECOMPAT', NULL, 1, '', 'A20', 'V20', 2, 0, 430, 516, 1, 0, 0, '', 0, 0, NULL, NULL, NULL, NULL, '', NULL),
(162, 'TCHPCE260A', 'TONER COMPATIBLE CE260A', 'TONECOMPAT', NULL, 1, '', 'A20', 'V20', 2, 0, 430, 516, 1, 0, 0, '', 0, 0, NULL, NULL, NULL, NULL, '', NULL),
(163, 'TCHPCE261A', 'TONER COMPATIBLE HP CE261A', 'TONECOMPAT', NULL, 1, '', 'A20', 'V20', 2, 0, 358.33, 430, 1, 0, 0, '', 0, 0, NULL, NULL, NULL, NULL, '', NULL),
(164, 'TCHPCE272A', 'TONER COMPATIBLE HP CE272A', 'TONECOMPAT', NULL, 1, '', 'A20', 'V20', 2, 666.67, 975, 1170, 1, 0, 0, '', 0, 0, NULL, NULL, NULL, NULL, '', NULL),
(165, 'TCHPCE310A', 'TONER COMPATIBLE CE310A', 'TONECOMPAT', NULL, 1, '', 'A20', 'V20', 2, 75, 145, 174, 1, 0, 0, '', 0, -4, NULL, NULL, NULL, NULL, '', NULL),
(166, 'TCHPCE311A', 'TONER COMPATIBLE HP CE311A', 'TONECOMPAT', NULL, 1, '', 'A20', 'V20', 2, 0, 135, 162, 1, 0, 0, '', 0, 0, NULL, NULL, NULL, NULL, '', NULL),
(167, 'TCHPCE312A', 'TONER COMPATIBLE HP CE312A', 'TONECOMPAT', NULL, 1, '', 'A20', 'V20', 2, 0, 145, 174, 1, 0, 0, '', 0, 0, NULL, NULL, NULL, NULL, '', NULL),
(168, 'TCHPCE313A', 'TONER COMPATIBLE HP CE313A', 'TONECOMPAT', NULL, 1, '', 'A20', 'V20', 2, 0, 135, 162, 1, 0, 0, '', 0, 0, NULL, NULL, NULL, NULL, '', NULL),
(169, 'TCHPCE314A', 'TAMBOUR COMPATIBLE HP CE314A', 'TONECOMPAT', NULL, 1, '', 'A20', 'V20', 2, 90, 170, 204, 1, 0, 0, '', 0, 0, NULL, NULL, NULL, NULL, '', NULL),
(170, 'TCHPCE320A', 'TONER COMPATIBLE HP CE320A', 'TONECOMPAT', NULL, 1, '', 'A20', 'V20', 2, 125, 160, 192, 1, 0, 0, '', 0, -1, NULL, NULL, NULL, NULL, '', NULL),
(171, 'TCHPCE321A', 'TONER COMPATIBLE HP CE321A', 'TONECOMPAT', NULL, 1, '', 'A20', 'V20', 2, 125, 160, 192, 1, 0, 0, '', 0, -1, NULL, NULL, NULL, NULL, '', NULL),
(172, 'TCHPCE322A', 'TONER COMPATIBLE HP CE322A', 'TONECOMPAT', NULL, 1, '', 'A20', 'V20', 2, 125, 160, 192, 1, 0, 0, '', 0, -1, NULL, NULL, NULL, NULL, '', NULL),
(173, 'TCHPCE323A', 'TONER COMPATIBLE HP CE323A', 'TONECOMPAT', NULL, 1, '', 'A20', 'V20', 2, 125, 160, 192, 1, 0, 0, '', 0, -1, NULL, NULL, NULL, NULL, '', NULL),
(174, 'TCHPCE390A', 'TONER COMPATIBLE HP CE390A', 'TONECOMPAT', NULL, 1, '', 'A20', 'V20', 2, 0, 500, 600, 1, 0, 0, '', 0, 0, NULL, NULL, NULL, NULL, '', NULL),
(175, 'TCHPCE400A', 'TONER COMPATIBLE CE400A', 'TONECOMPAT', NULL, 1, '', 'A20', 'V20', 2, 0, 280, 336, 1, 0, 0, '', 0, 0, NULL, NULL, NULL, NULL, '', NULL),
(176, 'TCHPCE401A', 'TONER COMPATIBLE HP CE401A', 'TONECOMPAT', NULL, 1, '', 'A20', 'V20', 2, 0, 280, 336, 1, 0, 0, '', 0, 0, NULL, NULL, NULL, NULL, '', NULL),
(177, 'TCHPCE403A', 'TONER COMPATIBLE HP CE403A', 'TONECOMPAT', NULL, 1, '', 'A20', 'V20', 2, 150, 280, 336, 1, 0, 0, '', 0, -5, NULL, NULL, NULL, NULL, '', NULL),
(178, 'TCHPCF210ANOIR', 'TONER COMPATIBLE HP CF210A NOIR', 'TONECOMPAT', NULL, 1, '', 'A20', 'V20', 2, 120, 179.17, 215, 1, 0, 0, '', 0, -1, NULL, NULL, NULL, NULL, '', NULL),
(179, 'TCHPCF211ACYAN', 'TONER COMPATIBLE HP CF211A CYAN', 'TONECOMPAT', NULL, 1, '', 'A20', 'V20', 2, 120, 179.17, 215, 1, 0, 0, '', 0, -1, NULL, NULL, NULL, NULL, '', NULL),
(180, 'TCHPCF212AJAUNE', 'TONER COMPATIBLE HP CF212A JAUNE', 'TONECOMPAT', NULL, 1, '', 'A20', 'V20', 2, 120, 179.17, 215, 1, 0, 0, '', 0, -1, NULL, NULL, NULL, NULL, '', NULL),
(181, 'TCHPCF213A', 'TONER COMPATIBLE HP CF213A', 'TONECOMPAT', NULL, 1, '', 'A20', 'V20', 2, 0, 125, 150, 1, 0, 0, '', 0, -1, NULL, NULL, NULL, NULL, '', NULL),
(182, 'TCHPCF213AMGENTA', 'TONER COMPATIBLE HP CF213A MGENTA', 'TONECOMPAT', NULL, 1, '', 'A20', 'V20', 2, 120, 179.17, 215, 1, 0, 0, '', 0, 0, NULL, NULL, NULL, NULL, '', NULL),
(183, 'TCHPCF226X', 'TONER COMPATIBLE HP CF226X', 'TONECOMPAT', NULL, 1, '', 'A20', 'V20', 2, 0, 266.67, 320, 1, 0, 0, '', 0, 0, NULL, NULL, NULL, NULL, '', NULL),
(184, 'TCHPCF230A', 'TONER COMPATIBLE HP CF230A', 'TONECOMPAT', NULL, 1, '', 'A20', 'V20', 2, 100, 280, 336, 1, 0, 0, '', 0, -2, NULL, NULL, NULL, NULL, '', NULL),
(185, 'TCHPCF259A', 'TONER COMPATIBLE HPCF259A', 'TONECOMPAT', NULL, 1, '', 'A20', 'V20', 2, 150, 291.67, 350, 1, 0, 0, '', 0, -8, NULL, NULL, NULL, NULL, '', NULL),
(186, 'TCHPCF350A', 'TONER COMPATIBLE HP CF350A', 'TONECOMPAT', NULL, 1, '', 'A20', 'V20', 2, 78, 135, 162, 1, 0, 0, '', 0, -3, NULL, NULL, NULL, NULL, '', NULL),
(187, 'TCHPCF352A', 'TONER COMPATIBLE HP CF352A', 'TONECOMPAT', NULL, 1, '', 'A20', 'V20', 2, 78, 135, 162, 1, 0, 0, '', 0, -2, NULL, NULL, NULL, NULL, '', NULL),
(188, 'TCHPCF353A', 'TONER COMPATIBLE HP CF353A', 'TONECOMPAT', NULL, 1, '', 'A20', 'V20', 2, 78, 135, 162, 1, 0, 0, '', 0, -2, NULL, NULL, NULL, NULL, '', NULL),
(189, 'TCHPCF360A', 'TONER COMPATIBLE HPCF360A NOIR', 'TONECOMPAT', NULL, 1, '', 'A20', 'V20', 2, 315, 600, 720, 1, 0, 0, '', 0, 0, NULL, NULL, NULL, NULL, '', NULL),
(190, 'TCHPCF361A', 'TONER COMPATIBLE HPCF361A BLEU', 'TONECOMPAT', NULL, 1, '', 'A20', 'V20', 2, 399, 600, 720, 1, 0, 0, '', 0, 0, NULL, NULL, NULL, NULL, '', NULL),
(191, 'TCHPCF362A', 'TONER COMPATIBLE HPCF362A JAUNE', 'TONECOMPAT', NULL, 1, '', 'A20', 'V20', 2, 399, 600, 720, 1, 0, 0, '', 0, 0, NULL, NULL, NULL, NULL, '', NULL),
(192, 'TCHPCF363A', 'TONER COMPATIBLE HPCF363A MAGENTA', 'TONECOMPAT', NULL, 1, '', 'A20', 'V20', 2, 399, 600, 720, 1, 0, 0, '', 0, 0, NULL, NULL, NULL, NULL, '', NULL),
(193, 'TCHPCF400A', 'TONER COMPATIBLE HP CF400A', 'TONECOMPAT', NULL, 1, '', 'A20', 'V20', 2, 180, 250, 300, 1, 0, 0, '', 0, 0, NULL, NULL, NULL, NULL, '', NULL),
(194, 'TCHPCF410A', 'TONER COMPATIBLE HP CF410A', 'TONECOMPAT', NULL, 1, '', 'A20', 'V20', 2, 130, 200, 240, 1, 0, 0, '', 0, 0, NULL, NULL, NULL, NULL, '', NULL),
(195, 'TCHPCF411', 'TONER COMPATIBLE HP CF411A', 'TONECOMPAT', NULL, 1, '', 'A20', 'V20', 2, 130, 200, 240, 1, 0, 0, '', 0, 1, NULL, NULL, NULL, NULL, '', NULL),
(196, 'TCHPCF412A', 'TONER COMPATIBLE HP CF412A', 'TONECOMPAT', NULL, 1, '', 'A20', 'V20', 2, 130, 200, 240, 1, 0, 0, '', 0, 0, NULL, NULL, NULL, NULL, '', NULL),
(197, 'TCHPCF413A', 'TONER COMPATIBLE HP CF413A', 'TONECOMPAT', NULL, 1, '', 'A20', 'V20', 2, 130, 200, 240, 1, 0, 0, '', 0, 0, NULL, NULL, NULL, NULL, '', NULL),
(198, 'TCHPCF530A', 'TONER COMPATIBLE HP CF530A NOIR', 'TONECOMPAT', NULL, 1, '', 'A20', 'V20', 2, 130, 250, 300, 1, 0, 0, '', 0, 0, NULL, NULL, NULL, NULL, '', NULL),
(199, 'TCHPCF531A', 'TONER COMPATIBLE HP CF531A BLEU', 'TONECOMPAT', NULL, 1, '', 'A20', 'V20', 2, 0, 380, 456, 1, 0, 0, '', 0, 0, NULL, NULL, NULL, NULL, '', NULL),
(200, 'TCHPCF532A', 'TONER COMPATIBLE HP CF532A JAUNE', 'TONECOMPAT', NULL, 1, '', 'A20', 'V20', 2, 0, 380, 456, 1, 0, 0, '', 0, 0, NULL, NULL, NULL, NULL, '', NULL),
(201, 'TCHPCF533A', 'TONER COMPATIBLE HP CF533A MAGENTA', 'TONECOMPAT', NULL, 1, '', 'A20', 'V20', 2, 0, 380, 456, 1, 0, 0, '', 0, 0, NULL, NULL, NULL, NULL, '', NULL),
(202, 'TCHPCF540A', 'TONER COMPATIBLE HP CF540A', 'TONECOMPAT', NULL, 1, '', 'A20', 'V20', 2, 0, 191.67, 230, 1, 0, 0, '', 0, 0, NULL, NULL, NULL, NULL, '', NULL),
(203, 'TCHPCF542A', 'TONER COMPATIBLE HP CF542A', 'TONECOMPAT', NULL, 1, '', 'A20', 'V20', 2, 0, 191.67, 230, 1, 0, 0, '', 0, 0, NULL, NULL, NULL, NULL, '', NULL),
(204, 'TCHPCF543A', 'TONER COMPATIBLE HP CF543A', 'TONECOMPAT', NULL, 1, '', 'A20', 'V20', 2, 0, 191.67, 230, 1, 0, 0, '', 0, 0, NULL, NULL, NULL, NULL, '', NULL),
(205, 'TCHPEP22', 'TONER COMPATIBLE HP EP-22', 'TONECOMPAT', NULL, 1, '', 'A20', 'V20', 2, 0, 125, 150, 1, 0, 0, '', 0, 0, NULL, NULL, NULL, NULL, '', NULL),
(206, 'TCHPJX540', 'JEUX TONER COMPATIBLE HP 540', 'TONECOMPAT', NULL, 1, '', 'A20', 'V20', 2, 0, 1333.33, 1600, 1, 0, 0, '', 0, 0, NULL, NULL, NULL, NULL, '', NULL),
(207, 'TCHPM479', 'TONER COMPATIBLE HP M479', 'TONECOMPAT', NULL, 1, '', 'A20', 'V20', 2, 0, 500, 600, 1, 0, 0, '', 0, 0, NULL, NULL, NULL, NULL, '', NULL),
(208, 'TCHPM553', 'TONER COMPATIBLE HP M553', 'TONECOMPAT', NULL, 1, '', 'A20', 'V20', 2, 0, 600, 720, 1, 0, 0, '', 0, 0, NULL, NULL, NULL, NULL, '', NULL),
(209, 'TCHPQ5942A', 'TONER COMPATIBLE HP Q5942A', 'TONECOMPAT', NULL, 1, '', 'A20', 'V20', 2, 0, 360, 432, 1, 0, 0, '', 0, 0, NULL, NULL, NULL, NULL, '', NULL),
(210, 'TCHPQ6000', 'TONER COMPATIBLE HP Q6000 NOIR', 'TONECOMPAT', NULL, 1, '', 'A20', 'V20', 2, 0, 230, 276, 1, 0, 0, '', 0, 0, NULL, NULL, NULL, NULL, '', NULL),
(211, 'TCHPQ6511A', 'TONER COMPATIBLE HP Q 6511A', 'TONECOMPAT', NULL, 1, '', 'A20', 'V20', 2, 0, 250, 300, 1, 0, 0, '', 0, 0, NULL, NULL, NULL, NULL, '', NULL),
(212, 'TCHPW2030A', 'TONER COMPATIBLE W2030A ', 'TONECOMPAT', NULL, 1, '', 'A20', 'V20', 2, 0, 500, 600, 1, 0, 0, '', 0, 0, NULL, NULL, NULL, NULL, '', NULL),
(213, 'TCHP_540', 'TONER COMPATIBLE HP 540 NOIR', 'TONECOMPAT', NULL, 1, '', 'A20', 'V20', 2, 0, 160, 192, 1, 0, 0, '', 0, 0, NULL, NULL, NULL, NULL, '', NULL),
(214, 'TCHP_56A', 'TONER COMPATIBLE HP 56A ', 'TONECOMPAT', NULL, 1, '', 'A20', 'V20', 2, 0, 266.67, 320, 1, 0, 0, '', 0, 0, NULL, NULL, NULL, NULL, '', NULL),
(215, 'TCHP_CB540A', 'TONER COMPATIBLE HP CB540A', 'TONECOMPAT', NULL, 1, '', 'A20', 'V20', 2, 0, 160, 192, 1, 0, 0, '', 0, 0, NULL, NULL, NULL, NULL, '', NULL),
(216, 'TCHP_CE255A', 'TONER COMPATIBLE CE255A', 'TONECOMPAT', NULL, 1, '', 'A20', 'V20', 2, 180, 241.67, 290, 1, 0, 0, '', 0, 0, NULL, NULL, NULL, NULL, '', NULL),
(217, 'TCHP_CE740A', 'TONER COMPATIBLE HP CE740A', 'TONECOMPAT', NULL, 1, '', 'A20', 'V20', 2, 500, 880, 1056, 1, 0, 0, '', 0, 0, NULL, NULL, NULL, NULL, '', NULL),
(218, 'TCHP_CF352A', 'TONER COMPATIBLE HP CF352A', 'TONECOMPAT', NULL, 1, '', 'A20', 'V20', 2, 0, 135, 162, 1, 0, 0, '', 0, 0, NULL, NULL, NULL, NULL, '', NULL),
(219, 'TCHP_CF541', 'TONER COMPATIBLE HP CF541 ', 'TONECOMPAT', NULL, 1, '', 'A20', 'V20', 2, 0, 191.67, 230, 1, 0, 0, '', 0, 0, NULL, NULL, NULL, NULL, '', NULL),
(220, 'TCKC220', 'TONER COMPATIBLE KONICA C220', 'TONECOMPAT', NULL, 1, '', 'A20', 'V20', 2, 0, 420, 504, 1, 0, 0, '', 0, 0, NULL, NULL, NULL, NULL, '', NULL),
(221, 'TCKC552', 'TONER COMPATIBLE KONICA C552', 'TONECOMPAT', NULL, 1, '', 'A20', 'V20', 2, 0, 625, 750, 1, 0, 0, '', 0, 0, NULL, NULL, NULL, NULL, '', NULL),
(222, 'TCKONICATN211', 'TONER COMPATIBLE KONICA TN211', 'TONECOMPAT', NULL, 1, '', 'A20', 'V20', 2, 90, 145, 174, 1, 0, 0, '', 0, 0, NULL, NULL, NULL, NULL, '', NULL),
(223, 'TCKONICATN217', 'TONER COMPATIBLE KONICA TN217', 'TONECOMPAT', NULL, 1, '', 'A20', 'V20', 2, 85, 150, 180, 1, 0, 0, '', 0, 4, NULL, NULL, NULL, NULL, '', NULL),
(224, 'TCKONICATN321C', 'TONER COMPATIBLE KONICA TN321C', 'TONECOMPAT', NULL, 1, '', 'A20', 'V20', 2, 210, 400, 480, 1, 0, 0, '', 0, 0, NULL, NULL, NULL, NULL, '', NULL),
(225, 'TCKONICATN414', 'TONER COMPATIBLE KONICA TN414', 'TONECOMPAT', NULL, 1, '', 'A20', 'V20', 2, 0, 150, 180, 1, 0, 0, '', 0, 0, NULL, NULL, NULL, NULL, '', NULL),
(226, 'TCKONICATNP27C', 'TONER COMPATIBLE KONICA TNP27C', 'TONECOMPAT', NULL, 1, '', 'A20', 'V20', 2, 0, 325, 390, 1, 0, 0, '', 0, 0, NULL, NULL, NULL, NULL, '', NULL),
(227, 'TCKONICA_TN217', 'TONER COMPATIBLE KONICA TN217', 'TONECOMPAT', NULL, 1, '', 'A20', 'V20', 2, 0, 155, 186, 1, 0, 0, '', 0, -1, NULL, NULL, NULL, NULL, '', NULL),
(228, 'TCKONICA_TN322', 'TONER COMPATIBLE KONICA TN322', 'TONECOMPAT', NULL, 1, '', 'A20', 'V20', 2, 0, 325, 390, 1, 0, 0, '', 0, 0, NULL, NULL, NULL, NULL, '', NULL),
(229, 'TCKONIKATN512', 'TONER COMPATIBLE KONIKA TN512', 'TONECOMPAT', NULL, 1, '', 'A20', 'V20', 2, 350, 425, 510, 1, 0, 0, '', 0, 0, NULL, NULL, NULL, NULL, '', NULL),
(230, 'TCKONITN220', 'TONER COMPATIBLE KONICA TN220', 'TONECOMPAT', NULL, 1, '', 'A20', 'V20', 2, 187.5, 258.33, 310, 1, 0, 0, '', 0, 0, NULL, NULL, NULL, NULL, '', NULL),
(231, 'TCKY6230', 'TONER COMPATIBLE KYOCERA 6230', 'TONECOMPAT', NULL, 1, '', 'A20', 'V20', 2, 360, 390, 468, 1, 0, 0, '', 0, -1, NULL, NULL, NULL, NULL, '', NULL),
(232, 'TCKYOCERATK435', 'TONER COMPATIBLE KYOCERA TK435', 'TONECOMPAT', NULL, 1, '', 'A20', 'V20', 2, 0, 275, 330, 1, 0, 0, '', 0, 0, NULL, NULL, NULL, NULL, '', NULL),
(233, 'TCKYOCERA_2100D', 'TONER COMPATIBLE KYOCERA 2100D', 'TONECOMPAT', NULL, 1, '', 'A20', 'V20', 2, 0, 270, 324, 1, 0, 0, '', 0, 0, NULL, NULL, NULL, NULL, '', NULL),
(234, 'TCKYOTK1110', 'TONER COMPATIBLE KYOCERA TK1110', 'TONECOMPAT', NULL, 1, '', 'A20', 'V20', 2, 70, 145, 174, 1, 0, 0, '', 0, -2, NULL, NULL, NULL, NULL, '', NULL),
(235, 'TCKYOTK3160', 'TONER COMPATIBLE KYOCERA TK3160', 'TONECOMPAT', NULL, 1, '', 'A20', 'V20', 2, 0, 425, 510, 1, 0, 0, '', 0, 0, NULL, NULL, NULL, NULL, '', NULL),
(236, 'TCKYTK130', 'TONER COMPATIBLE KYOCERA TK130', 'TONECOMPAT', NULL, 1, '', 'A20', 'V20', 2, 84, 141.67, 170, 1, 0, 0, '', 0, 0, NULL, NULL, NULL, NULL, '', NULL),
(237, 'TCLE260', 'TONER COMPATIBLE LEXMARK E260', 'TONECOMPAT', NULL, 1, '', 'A20', 'V20', 2, 0, 228.33, 274, 1, 0, 0, '', 0, 0, NULL, NULL, NULL, NULL, '', NULL),
(238, 'TCLEXMARK-MX5/610', 'TONER COMPATIBLE LEXMARK MX 510 / 610', 'TONECOMPAT', NULL, 1, '', 'A20', 'V20', 2, 0, 333.33, 400, 1, 0, 0, '', 0, 0, NULL, NULL, NULL, NULL, '', NULL),
(239, 'TCLEXMARK_E260', 'TONER COMPATIBLE LEXMARK E260', 'TONECOMPAT', NULL, 1, '', 'A20', 'V20', 2, 0, 210, 252, 1, 0, 0, '', 0, 0, NULL, NULL, NULL, NULL, '', NULL),
(240, 'TCLEXMARK_MS310', 'TONER COMPATIBLE LEXMARK MS310', 'TONECOMPAT', NULL, 1, '', 'A20', 'V20', 2, 320, 420, 504, 1, 0, 0, '', 0, 0, NULL, NULL, NULL, NULL, '', NULL),
(241, 'TCLEXMS810', 'TONER COMPATIBLE LEXMARK MS810', 'TONECOMPAT', NULL, 1, '', 'A20', 'V20', 2, 0, 450, 540, 1, 0, 0, '', 0, 0, NULL, NULL, NULL, NULL, '', NULL),
(242, 'TCLEXMS811', 'TONER COMPATIBLE LEXMARK MS811', 'TONECOMPAT', NULL, 1, '', 'A20', 'V20', 2, 430, 558.33, 670, 1, 0, 0, '', 0, -1, NULL, NULL, NULL, NULL, '', NULL),
(243, 'TCLEX_T650', 'TONER COMPATIBLE LEXMARK T650', 'TONECOMPAT', NULL, 1, '', 'A20', 'V20', 2, 400, 533.33, 640, 1, 0, 0, '', 0, 0, NULL, NULL, NULL, NULL, '', NULL),
(244, 'TCLMX310', 'TONER COMPATIBLE MX310', 'TONECOMPAT', NULL, 1, '', 'A20', 'V20', 2, 240, 470, 564, 1, 0, 0, '', 0, 0, NULL, NULL, NULL, NULL, '', NULL),
(245, 'TCLX264H11G', 'TONER COMPATIBLE LEXMARK X264H11G', 'TONECOMPAT', NULL, 1, '', 'A20', 'V20', 2, 0, 240, 288, 1, 0, 0, '', 0, 0, NULL, NULL, NULL, NULL, '', NULL),
(246, 'TCMINOLTAC224', 'TONER COMPATIBLE MINOLTA C224', 'TONECOMPAT', NULL, 1, '', 'A20', 'V20', 2, 420, 545.83, 655, 1, 0, 0, '', 0, 0, NULL, NULL, NULL, NULL, '', NULL),
(247, 'TCMINOLTAC450I', 'TONER COMPATIBLE MINOLTA C450I NOIR ', 'TONECOMPAT', NULL, 1, '', 'A20', 'V20', 2, 0, 300, 360, 1, 0, 0, '', 0, 0, NULL, NULL, NULL, NULL, '', NULL),
(248, 'TCMINOLTAC540I', 'TONER COMPATIBLE MINOLTA C450I COULEUR ', 'TONECOMPAT', NULL, 1, '', 'A20', 'V20', 2, 0, 300, 360, 1, 0, 0, '', 0, 0, NULL, NULL, NULL, NULL, '', NULL),
(249, 'TCMINOLTA_TN116', 'TONER COMPATIBLE CONIKA MINOLTA', 'TONECOMPAT', NULL, 1, '', 'A20', 'V20', 2, 0, 165, 198, 1, 0, 0, '', 0, 0, NULL, NULL, NULL, NULL, '', NULL),
(250, 'TCMINOLTA_TN321M', 'TONER COMPATIBLE MINOLTA TN321M', 'TONECOMPAT', NULL, 1, '', 'A20', 'V20', 2, 263, 575, 690, 1, 0, 0, '', 0, 0, NULL, NULL, NULL, NULL, '', NULL),
(251, 'TCMINOLTA_TN323', 'TONER COMPATIBLE MIONOLTA TN323', 'TONECOMPAT', NULL, 1, '', 'A20', 'V20', 2, 0, 425, 510, 1, 0, 0, '', 0, 2, NULL, NULL, NULL, NULL, '', NULL),
(252, 'TCMINOLTA_TN324CLR', 'TONER COMPATIBLE MINOLTA TN324 COULEUR ', 'TONECOMPAT', NULL, 1, '', 'A20', 'V20', 2, 0, 525, 630, 1, 0, 0, '', 0, 0, NULL, NULL, NULL, NULL, '', NULL),
(253, 'TCMINOLTA_TN324N', 'TONER COMPATIBLE MINOLTA TN324 NOIR ', 'TONECOMPAT', NULL, 1, '', 'A20', 'V20', 2, 0, 525, 630, 1, 0, 0, '', 0, 0, NULL, NULL, NULL, NULL, '', NULL),
(254, 'TCMINOTN216K', 'TONER COMPATIBLE MINOLTA TN216K', 'TONECOMPAT', NULL, 1, '', 'A20', 'V20', 2, 300, 395.83, 475, 1, 0, 0, '', 0, 0, NULL, NULL, NULL, NULL, '', NULL),
(255, 'TCOKIB431DN', 'TONER COMPATIBLE OKI B431DN', 'TONECOMPAT', NULL, 1, '', 'A20', 'V20', 2, 0, 270, 324, 1, 0, 0, '', 0, 0, NULL, NULL, NULL, NULL, '', NULL),
(256, 'TCR406479', 'TONER COMPATIBLE RICOH406479', 'TONECOMPAT', NULL, 1, '', 'A20', 'V20', 2, 0, 245, 294, 1, 0, 0, '', 0, 0, NULL, NULL, NULL, NULL, '', NULL),
(257, 'TCR407166', 'TONER COMPATIBLE RICOH 407166', 'TONECOMPAT', NULL, 1, '', 'A20', 'V20', 2, 0, 215, 258, 1, 0, 0, '', 0, 0, NULL, NULL, NULL, NULL, '', NULL),
(258, 'TCRI407254', 'TONER COMPATIBLE RICOH 407254', 'TONECOMPAT', NULL, 1, '', 'A20', 'V20', 2, 270, 225, 270, 1, 0, 0, '', 0, 0, NULL, NULL, NULL, NULL, '', NULL),
(259, 'TCRICOH', 'TONER COMPATIBLE RICOH MP2001', 'TONECOMPAT', NULL, 1, '', 'A20', 'V20', 2, 0, 108.33, 130, 1, 0, 0, '', 0, 0, NULL, NULL, NULL, NULL, '', NULL),
(260, 'TCRICOH1220D', 'TONER COMPATIBLE RICOH 1220D', 'TONECOMPAT', NULL, 1, '', 'A20', 'V20', 2, 100, 133.33, 160, 1, 0, 0, '', 0, 0, NULL, NULL, NULL, NULL, '', NULL),
(261, 'TCRICOH1230', 'TONER COMPATIBLE RICOH 1230D', 'TONECOMPAT', NULL, 1, '', 'A20', 'V20', 2, 65, 110, 132, 1, 0, 0, '', 0, 6, NULL, NULL, NULL, NULL, '', NULL),
(262, 'TCRICOH1270', 'TONER COMPATIBLE RICOH 1270D', 'TONECOMPAT', NULL, 1, '', 'A20', 'V20', 2, 60, 110, 132, 1, 0, 0, '', 0, 1, NULL, NULL, NULL, NULL, '', NULL),
(263, 'TCRICOH1270D', 'TONER COMPATIBLE RICOH 1270D', 'TONECOMPAT', NULL, 1, '', 'A20', 'V20', 2, 0, 110, 132, 1, 0, 0, '', 0, 0, NULL, NULL, NULL, NULL, '', NULL),
(264, 'TCRICOH2014', 'TONER COMPATIBLE RICOH 2014', 'TONECOMPAT', NULL, 1, '', 'A20', 'V20', 2, 90, 200, 240, 1, 0, 0, '', 0, 0, NULL, NULL, NULL, NULL, '', NULL),
(265, 'TCRICOH2220D', 'TONER COMPATIBLE RICOH 2220D', 'TONECOMPAT', NULL, 1, '', 'A20', 'V20', 2, 80, 135, 162, 1, 0, 0, '', 0, 1, NULL, NULL, NULL, NULL, '', NULL),
(266, 'TCRICOH2501E', 'TONNER COMPATIBLE RICOH 2501E', 'TONECOMPAT', NULL, 1, '', 'A20', 'V20', 2, 80, 120, 144, 1, 0, 0, '', 0, 2, NULL, NULL, NULL, NULL, '', NULL),
(267, 'TCRICOH841991', 'TONER COMPATIBLE RICOH 841991', 'TONECOMPAT', NULL, 1, '', 'A20', 'V20', 2, 0, 120, 144, 1, 0, 0, '', 0, 0, NULL, NULL, NULL, NULL, '', NULL),
(268, 'TCRICOH_4500E', 'TONER COMPATIBLE RICOH 4500E', 'TONECOMPAT', NULL, 1, '', 'A20', 'V20', 2, 0, 175, 210, 1, 0, 0, '', 0, 0, NULL, NULL, NULL, NULL, '', NULL),
(269, 'TCRICOH_SP3500', 'TONER COMPATIBLE RICOH 3500', 'TONECOMPAT', NULL, 1, '', 'A20', 'V20', 2, 187, 275, 330, 1, 0, 0, '', 0, 0, NULL, NULL, NULL, NULL, '', NULL),
(270, 'TCRMP201', 'TONER COMPATIBLE RICOH MP201', 'TONECOMPAT', NULL, 1, '', 'A20', 'V20', 2, 80, 125, 150, 1, 0, 0, '', 0, -1, NULL, NULL, NULL, NULL, '', NULL),
(271, 'TCRMP2500', 'TONER COMPATIBLE RICOH MP2500', 'TONECOMPAT', NULL, 1, '', 'A20', 'V20', 2, 0, 125, 150, 1, 0, 0, '', 0, 0, NULL, NULL, NULL, NULL, '', NULL),
(272, 'TCRSP3400', 'TONER COMPATIBLE RICOH SP3400', 'TONECOMPAT', NULL, 1, '', 'A20', 'V20', 2, 210, 275, 330, 1, 0, 0, '', 0, -1, NULL, NULL, NULL, NULL, '', NULL),
(273, 'TCR_6210D', 'TONER COMPATIBLE RICOH 6210D', 'TONECOMPAT', NULL, 1, '', 'A20', 'V20', 2, 0, 305, 366, 1, 0, 0, '', 0, 0, NULL, NULL, NULL, NULL, '', NULL),
(274, 'TCSAM-D109S', 'TONER COMPATIBLE SAMSUNG D109S', 'TONECOMPAT', NULL, 1, '', 'A20', 'V20', 2, 100, 160, 192, 1, 0, 0, '', 0, 0, NULL, NULL, NULL, NULL, '', NULL),
(275, 'TCSAM-D116', 'TONER COMPATIBLE SAMSUNG D116', 'TONECOMPAT', NULL, 1, '', 'A20', 'V20', 2, 115, 190, 228, 1, 0, 0, '', 0, 0, NULL, NULL, NULL, NULL, '', NULL),
(276, 'TCSAM-D119', 'TONER COMPATIBLE SAMSUNG D119', 'TONECOMPAT', NULL, 1, '', 'A20', 'V20', 2, 105, 180, 216, 1, 0, 0, '', 0, 0, NULL, NULL, NULL, NULL, '', NULL),
(277, 'TCSAM2416D3', 'TONER COMPATIBLE SAMSUNG 2416D3', 'TONECOMPAT', NULL, 1, '', 'A20', 'V20', 2, 120, 200, 240, 1, 0, 0, '', 0, 0, NULL, NULL, NULL, NULL, '', NULL),
(278, 'TCSAMD205L', 'TONER COMPATIBLE SAMSUNG D205L', 'TONECOMPAT', NULL, 1, '', 'A20', 'V20', 2, 155, 220, 264, 1, 0, 0, '', 0, 0, NULL, NULL, NULL, NULL, '', NULL),
(279, 'TCSAMK406S', 'TONER COMPATIBLE SAMSUNG K406S', 'TONECOMPAT', NULL, 1, '', 'A20', 'V20', 2, 150, 170, 204, 1, 0, 0, '', 0, 0, NULL, NULL, NULL, NULL, '', NULL),
(280, 'TCSAM_111S', 'TONER COMPATIBLE SAMSUNG 111', 'TONECOMPAT', NULL, 1, '', 'A20', 'V20', 2, 100, 180, 216, 1, 0, 0, '', 0, -4, NULL, NULL, NULL, NULL, '', NULL),
(281, 'TCSAM_D1042S', 'TONER COMPATIBLE SAMSUNG D1042S', 'TONECOMPAT', NULL, 1, '', 'A20', 'V20', 2, 0, 200, 240, 1, 0, 0, '', 0, 0, NULL, NULL, NULL, NULL, '', NULL),
(282, 'TCSAM_ML101S', 'TONER COMPATIBLE SAMSUNG ML 101S', 'TONECOMPAT', NULL, 1, '', 'A20', 'V20', 2, 85, 160, 192, 1, 0, 0, '', 0, 2, NULL, NULL, NULL, NULL, '', NULL),
(283, 'TCSAM_ML2161', 'TONER COMPATIBLE SAMSUNG ML2161', 'TONECOMPAT', NULL, 1, '', 'A20', 'V20', 2, 0, 157.5, 189, 1, 0, 0, '', 0, 0, NULL, NULL, NULL, NULL, '', NULL),
(284, 'TCSAM_MLT-D1092S', 'TONER COMPATIBLE SAMSUNG MLT-D1092S', 'TONECOMPAT', NULL, 1, '', 'A20', 'V20', 2, 105, 158.33, 190, 1, 0, 0, '', 0, 2, NULL, NULL, NULL, NULL, '', NULL),
(285, 'TCSAM__MLT1052', ' TONER COMPATIBLE SAMSUNG MLT1052', 'TONECOMPAT', NULL, 1, '', 'A20', 'V20', 2, 0, 150, 180, 1, 0, 0, '', 0, 0, NULL, NULL, NULL, NULL, '', NULL),
(286, 'TCSHARPMX182D', 'TONER COMPATIBLE SHARP MX182D', 'TONECOMPAT', NULL, 1, '', 'A20', 'V20', 2, 300, 375, 450, 1, 0, 0, '', 0, 0, NULL, NULL, NULL, NULL, '', NULL),
(287, 'TCSHARPMX238FT', 'TONER COMPATIBLE SHARP MX-238FT ', 'TONECOMPAT', NULL, 1, '', 'A20', 'V20', 2, 134, 320, 384, 1, 0, 0, '', 0, 0, NULL, NULL, NULL, NULL, '', NULL),
(288, 'TCT181', 'TONER COMPATIBLE TOSHIBA 181', 'TONECOMPAT', NULL, 1, '', 'A20', 'V20', 2, 0, 175, 210, 1, 0, 0, '', 0, 0, NULL, NULL, NULL, NULL, '', NULL),
(289, 'TCTOSHIBA-T1640HC', 'TONER COMPATIBLE TOSHIBA T-1640_HC', 'TONECOMPAT', NULL, 1, '', 'A20', 'V20', 2, 173, 225, 270, 1, 0, 0, '', 0, -1, NULL, NULL, NULL, NULL, '', NULL),
(290, 'TCTOSHIBA-T2309', 'TONER COMPATIBLE TOSHIBA T-2309', 'TONECOMPAT', NULL, 1, '', 'A20', 'V20', 2, 85, 155, 186, 1, 0, 0, '', 0, 0, NULL, NULL, NULL, NULL, '', NULL),
(291, 'TCTOSHIBAT2450E', 'TONER COMPATIBLE TOSHIBA T2450E', 'TONECOMPAT', NULL, 1, '', 'A20', 'V20', 2, 0, 185, 222, 1, 0, 0, '', 0, 0, NULL, NULL, NULL, NULL, '', NULL),
(292, 'TCTOSHIBA_T4590E', 'TONER COMPATIBLE TOSHIBA T4590E', 'TONECOMPAT', NULL, 1, '', 'A20', 'V20', 2, 0, 375, 450, 1, 0, 0, '', 0, 0, NULL, NULL, NULL, NULL, '', NULL),
(293, 'TCTOSH_T2507E', 'TONER COMPATIBLE TOSHIBA T2507E', 'TONECOMPAT', NULL, 1, '', 'A20', 'V20', 2, 0, 215, 258, 1, 0, 0, '', 0, 0, NULL, NULL, NULL, NULL, '', NULL),
(294, 'TCT_T-1810E', 'TONER COMPATIBLE TOSHIBA T-1810E', 'TONECOMPAT', NULL, 1, '', 'A20', 'V20', 2, 65, 155, 186, 1, 0, 0, '', 0, 1, NULL, NULL, NULL, NULL, '', NULL),
(295, 'TCUTAX1855', 'TONER COMPATIBLE UTAX 1855', 'TONECOMPAT', NULL, 1, '', 'A20', 'V20', 2, 250, 305, 366, 1, 0, 0, '', 0, 0, NULL, NULL, NULL, NULL, '', NULL),
(296, 'TCUTAXCD1016', 'TONER COMPATIBLE UTAX CD1016', 'TONECOMPAT', NULL, 1, '', 'A20', 'V20', 2, 185, 241.67, 290, 1, 0, 0, '', 0, -1, NULL, NULL, NULL, NULL, '', NULL),
(297, 'TCUTAXCK4510', 'TONER COMPATIBLE UTAX CK 4510', 'TONECOMPAT', NULL, 1, '', 'A20', 'V20', 2, 210, 305, 366, 1, 0, 0, '', 0, 0, NULL, NULL, NULL, NULL, '', NULL),
(298, 'TCUTAXD5025', 'TONER COMPATIBLE UTAX D5025', 'TONECOMPAT', NULL, 1, '', 'A20', 'V20', 2, 0, 375, 450, 1, 0, 0, '', 0, -1, NULL, NULL, NULL, NULL, '', NULL),
(299, 'TCX106R01486', 'TONER COMPATIBLE XEROX 106R01486', 'TONECOMPAT', NULL, 1, '', 'A20', 'V20', 2, 0, 210, 252, 1, 0, 0, '', 0, 0, NULL, NULL, NULL, NULL, '', NULL),
(300, 'TCX106R02311', 'TONER COMPATIBLE XEROX 106R02311', 'TONECOMPAT', NULL, 1, '', 'A20', 'V20', 2, 0, 210, 252, 1, 0, 0, '', 0, 0, NULL, NULL, NULL, NULL, '', NULL),
(301, 'TCX3020', 'TONER COMPATIBLE XEROX 3020 ', 'TONECOMPAT', NULL, 1, '', 'A20', 'V20', 2, 130, 210, 252, 1, 0, 0, '', 0, 0, NULL, NULL, NULL, NULL, '', NULL),
(302, 'TCX3635MFP', 'TONER COMPATIBLE XEROX 3635MFP', 'TONECOMPAT', NULL, 1, '', 'A20', 'V20', 2, 0, 230, 276, 1, 0, 0, '', 0, 0, NULL, NULL, NULL, NULL, '', NULL),
(303, 'TCX7120', 'TONER COMPATIBLE XEROX WORKCENTER 7120', 'TONECOMPAT', NULL, 1, '', 'A20', 'V20', 2, 0, 480, 576, 1, 0, 0, '', 0, 0, NULL, NULL, NULL, NULL, '', NULL),
(304, 'TCXE3210', 'TONER COMPATIBLE XEROX 3210', 'TONECOMPAT', NULL, 1, '', 'A20', 'V20', 2, 165, 210, 252, 1, 0, 0, '', 0, 0, NULL, NULL, NULL, NULL, '', NULL),
(305, 'TCXE3325', 'TONER COMPATIBLE XEROX 3325', 'TONECOMPAT', NULL, 1, '', 'A20', 'V20', 2, 0, 300, 360, 1, 0, 0, '', 0, 0, NULL, NULL, NULL, NULL, '', NULL),
(306, 'TCXER6505_CLR', 'TONER COMPATIBLE XEROX 6505 COULEUR ', 'TONECOMPAT', NULL, 1, '', 'A20', 'V20', 2, 75, 125, 150, 1, 0, 0, '', 0, 0, NULL, NULL, NULL, NULL, '', NULL),
(307, 'TCXER6505_NOIR', 'TONER COMPATIBLE XEROX 6505 NOIR ', 'TONECOMPAT', NULL, 1, '', 'A20', 'V20', 2, 75, 125, 150, 1, 0, 0, '', 0, 0, NULL, NULL, NULL, NULL, '', NULL),
(308, 'TCXEROX3025', 'TONER COMPATIBLE XEROX 3025', 'TONECOMPAT', NULL, 1, '', 'A20', 'V20', 2, 140, 210, 252, 1, 0, 0, '', 0, -4, NULL, NULL, NULL, NULL, '', NULL),
(309, 'TCXEROX_3100', 'TONER COMPATIBLE XEROX 3100', 'TONECOMPAT', NULL, 1, '', 'A20', 'V20', 2, 0, 315, 378, 1, 0, 0, '', 0, 0, NULL, NULL, NULL, NULL, '', NULL),
(310, 'TCXEROX_3140', 'TONER COMPATIBLE XEROX 3140', 'TONECOMPAT', NULL, 1, '', 'A20', 'V20', 2, 0, 135, 162, 1, 0, 0, '', 0, 0, NULL, NULL, NULL, NULL, '', NULL);
INSERT INTO `article` (`id`, `code`, `intitule`, `code_famille`, `id_catalogue`, `idsuivistock`, `code_unite`, `code_tauxtvaAchat`, `code_tauxtvaVente`, `idTypeArticle`, `prixAchat`, `prixVente`, `prixTTC`, `pv_inclu_tva`, `prix_marchand`, `prix_de_gros`, `code_FrPrincipale`, `stock_minimal`, `stockreel`, `date_debut`, `valeur_unit`, `qte_commande`, `CMUP`, `codeBarre`, `duree`) VALUES
(311, 'TCXEROX_3345', 'TONER COMPATIBLE XEROX 3345', 'TONECOMPAT', NULL, 1, '', 'A20', 'V20', 2, 290, 333.33, 400, 1, 0, 0, '', 0, 0, NULL, NULL, NULL, NULL, '', NULL),
(312, 'TCXEROX_5330', 'TONER COMPTATIBLE XEROX 5330 NOIR', 'TONECOMPAT', NULL, 1, '', 'A20', 'V20', 2, 0, 580, 696, 1, 0, 0, '', 0, 0, NULL, NULL, NULL, NULL, '', NULL),
(313, 'TCXMP3554', 'TONER COMPATIBLE XEROX MP 3554', 'TONECOMPAT', NULL, 1, '', 'A20', 'V20', 2, 262.5, 416.67, 500, 1, 0, 0, '', 0, -1, NULL, NULL, NULL, NULL, '', NULL),
(314, 'TC_CAN_CEXV40', 'TONER COMPATIBLE CANON CEXV40', 'TONECOMPAT', NULL, 1, '', 'A20', 'V20', 2, 0, 190, 228, 1, 0, 0, '', 0, 0, NULL, NULL, NULL, NULL, '', NULL),
(315, 'TC_CAN_CRG-737', 'TONER COMPATIBLE CANON CRG-737', 'TONECOMPAT', NULL, 1, '', 'A20', 'V20', 2, 0, 125, 150, 1, 0, 0, '', 0, 0, NULL, NULL, NULL, NULL, '', NULL),
(316, 'TC_HP13A', 'TONER COMPATIBLE HP 13A', 'TONECOMPAT', NULL, 1, '', 'A20', 'V20', 2, 0, 125, 150, 1, 0, 0, '', 0, 0, NULL, NULL, NULL, NULL, '', NULL),
(317, 'TC_HP205A', 'TONER COMPATIBLE HP 205A', 'TONECOMPAT', NULL, 1, '', 'A20', 'V20', 2, 200, 250, 300, 1, 0, 0, '', 0, 0, NULL, NULL, NULL, NULL, '', NULL),
(318, 'TC_SHERPMX238FT', 'TONER COMPATIBLE SHARP MX238FT', 'TONECOMPAT', NULL, 1, '', 'A20', 'V20', 2, 133.33, 320, 384, 1, 0, 0, '', 0, 1, NULL, NULL, NULL, NULL, '', NULL),
(319, 'TEST1', 'test', 'TONECOMPAT', NULL, 1, '', 'A20', 'V20', 2, 150, 208.33, 250, 1, 0, 0, '', 0, 0, NULL, NULL, NULL, NULL, '', NULL),
(320, 'TLEXMARK51B1000', 'TONER LEXMARK 51B1000 NOIR', 'TONECOMPAT', NULL, 1, '', 'A20', 'V20', 2, 0, 375, 450, 1, 0, 0, '', 0, 0, NULL, NULL, NULL, NULL, '', NULL),
(321, 'TOHP126A', 'TONER ORIGINAL 126A', 'TONECOMPAT', NULL, 1, '', 'A20', 'V20', 2, 0, 641.67, 770, 1, 0, 0, '', 0, 0, NULL, NULL, NULL, NULL, '', NULL),
(322, 'TOHP216A', 'TONER COMPATIBLE  HP216A', 'TONECOMPAT', NULL, 1, '', 'A20', 'V20', 2, 480, 416.67, 500, 1, 0, 0, '', 0, 0, NULL, NULL, NULL, NULL, '', NULL),
(323, 'TOHPCE260A', 'TONER ORIGINAL HP CE260A', 'TONECOMPAT', NULL, 1, '', 'A20', 'V20', 2, 0, 2099.17, 2519, 1, 0, 0, '', 0, 0, NULL, NULL, NULL, NULL, '', NULL),
(324, 'TOHPCE278A', 'TONER ORIGINAL HP CE278A', 'TONECOMPAT', NULL, 1, '', 'A20', 'V20', 2, 0, 1026.67, 1232, 1, 0, 0, '', 0, 0, NULL, NULL, NULL, NULL, '', NULL),
(325, 'TOHP_56A', 'TONER ORIGINAL 56A NOIR', 'TONECOMPAT', NULL, 1, '', 'A20', 'V20', 2, 0, 429, 514.8, 1, 0, 0, '', 0, 0, NULL, NULL, NULL, NULL, '', NULL),
(326, 'TOMBROTN230BK', 'TOMBOUR BROTHER TN230BK', 'TONECOMPAT', NULL, 1, '', 'A20', 'V20', 2, 0, 225, 270, 1, 0, 0, '', 0, 0, NULL, NULL, NULL, NULL, '', NULL),
(327, 'BOTHP_GT51BLACK', 'BOTTLE ORIGINAL HP GT51 BLACK', 'TONERORIGI', NULL, 1, '', 'A20', 'V20', 2, 0, 150, 180, 1, 0, 0, '', 0, 0, NULL, NULL, NULL, NULL, '', NULL),
(328, 'CARTEPL3110', 'CARTOUCHE EPSON L3110', 'TONERORIGI', NULL, 1, '', 'A20', 'V20', 2, 91.67, 133.33, 160, 1, 0, 0, '', 0, 0, NULL, NULL, NULL, NULL, '', NULL),
(329, 'CARTHP123', 'CARTOUCHE HP 123 NOIR ', 'TONERORIGI', NULL, 1, '', 'A20', 'V20', 2, 140, 250, 300, 1, 0, 0, '', 0, 0, NULL, NULL, NULL, NULL, '', NULL),
(330, 'CARTHP305B', 'CARTOUCHE HP 305  BLACK ', 'TONERORIGI', NULL, 1, '', 'A20', 'V20', 2, 117, 166.67, 200, 1, 0, 0, '', 0, -7, NULL, NULL, NULL, NULL, '', NULL),
(331, 'CARTHP305C', 'CARTOUCHE HP 305 COULEURS', 'TONERORIGI', NULL, 1, '', 'A20', 'V20', 2, 142, 166.67, 200, 1, 0, 0, '', 0, -6, NULL, NULL, NULL, NULL, '', NULL),
(332, 'CARTHP305XL_BL', 'CARTOUCHE HP 305  BLACK ', 'TONERORIGI', NULL, 1, '', 'A20', 'V20', 2, 130, 166.67, 200, 1, 0, 0, '', 0, 0, NULL, NULL, NULL, NULL, '', NULL),
(333, 'CARTHP305XL_CLR', 'CARTOUCHE HP305 COULEUR', 'TONERORIGI', NULL, 1, '', 'A20', 'V20', 2, 130, 166.67, 200, 1, 0, 0, '', 0, -2, NULL, NULL, NULL, NULL, '', NULL),
(334, 'CARTHP545', 'CARTOUCHE HP 545 NOIR', 'TONERORIGI', NULL, 1, '', 'A20', 'V20', 2, 0, 0, 0, 1, 0, 0, '', 0, 0, NULL, NULL, NULL, NULL, '', NULL),
(335, 'CARTHP546', 'CARTOUCHE HP 546 COULEURES', 'TONERORIGI', NULL, 1, '', 'A20', 'V20', 2, 0, 0, 0, 1, 0, 0, '', 0, 1, NULL, NULL, NULL, NULL, '', NULL),
(336, 'CARTHP546N', 'CARTOUCHE HP 546 NOIR', 'TONERORIGI', NULL, 1, '', 'A20', 'V20', 2, 0, 0, 0, 1, 0, 0, '', 0, 1, NULL, NULL, NULL, NULL, '', NULL),
(337, 'CARTHP652C', 'CARTOUCHE HP 652 COULEURS', 'TONERORIGI', NULL, 1, '', 'A20', 'V20', 2, 145, 208.33, 250, 1, 0, 0, '', 0, 0, NULL, NULL, NULL, NULL, '', NULL),
(338, 'CARTHP652N', 'CARTOUCHE HP 652 NOIR', 'TONERORIGI', NULL, 1, '', 'A20', 'V20', 2, 175, 208.33, 250, 1, 0, 0, '', 0, 0, NULL, NULL, NULL, NULL, '', NULL),
(339, 'CARTHP912CLR', 'CARTOUCHE HP 912 COULEUR ', 'TONERORIGI', NULL, 1, '', 'A20', 'V20', 2, 113, 150, 180, 1, 0, 0, '', 0, -3, NULL, NULL, NULL, NULL, '', NULL),
(340, 'CARTHP912NOIR_XL', 'CARTOUCHE HP 912 NOIR XL', 'TONERORIGI', NULL, 1, '', 'A20', 'V20', 2, 392, 475, 570, 1, 0, 0, '', 0, -1, NULL, NULL, NULL, NULL, '', NULL),
(341, 'CARTHP953XL_B', 'CARTOUCHE HP 953XL BLACK', 'TONERORIGI', NULL, 1, '', 'A20', 'V20', 2, 0, 541.67, 650, 1, 0, 0, '', 0, 1, NULL, NULL, NULL, NULL, '', NULL),
(342, 'CARTHP953_CLR', 'CARTOUCHE HP 953 COULEUR', 'TONERORIGI', NULL, 1, '', 'A20', 'V20', 2, 0, 316.67, 380, 1, 0, 0, '', 0, 0, NULL, NULL, NULL, NULL, '', NULL),
(343, 'CARTHP953_NOIR', 'CARTOUCHE HP 953 NOIR ', 'TONERORIGI', NULL, 1, '', 'A20', 'V20', 2, 0, 425, 510, 1, 0, 0, '', 0, 0, NULL, NULL, NULL, NULL, '', NULL),
(344, 'CARTHP_ROUGE933XL', 'CARTOUCHE ORIGINAL HP ROUGE 933XL', 'TONERORIGI', NULL, 1, '', 'A20', 'V20', 2, 0, 250, 300, 1, 0, 0, '', 0, 0, NULL, NULL, NULL, NULL, '', NULL),
(345, 'CARTOUCHE-HP', 'CARTOUCHE HP 652 NOIR', 'TONERORIGI', NULL, 1, '', 'A20', 'V20', 2, 175, 208.33, 250, 1, 0, 0, '', 0, 0, NULL, NULL, NULL, NULL, '', NULL),
(346, 'CARTOUCHEHP', 'CARTOUCHE HP', 'TONERORIGI', NULL, 1, '', 'A20', 'V20', 2, 0, 0, 0, 1, 0, 0, '', 0, 0, NULL, NULL, NULL, NULL, '', NULL),
(347, 'CARTOUCHE_CANN_445', 'CARTOUCHE  CANON 445 NOIR', 'TONERORIGI', NULL, 1, '', 'A20', 'V20', 2, 146, 210, 252, 1, 0, 0, '', 0, -5, NULL, NULL, NULL, NULL, '', NULL),
(348, 'CARTOUCHE_CAN_445', 'CARTOUCHE  COULEUR CANON 445', 'TONERORIGI', NULL, 1, '', 'A20', 'V20', 2, 171, 244.8, 293.76, 1, 0, 0, '', 0, -1, NULL, NULL, NULL, NULL, '', NULL),
(349, 'CARTOUCHE_HP727', 'CARTOUCHE D\'ENCRE 727 NOIR', 'TONERORIGI', NULL, 1, '', 'A20', 'V20', 2, 859, 993, 1191.6, 1, 0, 0, '', 0, 0, NULL, NULL, NULL, NULL, '', NULL),
(350, 'CARTOUCHE_HP951XL', 'CARTOUCHE ORIGINAL HP 951XL', 'TONERORIGI', NULL, 1, '', 'A20', 'V20', 2, 0, 347, 416.4, 1, 0, 0, '', 0, 0, NULL, NULL, NULL, NULL, '', NULL),
(351, 'CARTOUCHE_HP953XL', 'CARTOUCHE HP 953XL COULEUR', 'TONERORIGI', NULL, 1, '', 'A20', 'V20', 2, 175, 450, 540, 1, 0, 0, '', 0, 0, NULL, NULL, NULL, NULL, '', NULL),
(352, 'CARTOUCHE_HP_304C', 'CARTOUCE HP 304 COULEURS', 'TONERORIGI', NULL, 1, '', 'A20', 'V20', 2, 159, 200, 240, 1, 0, 0, '', 0, 1, NULL, NULL, NULL, NULL, '', NULL),
(353, 'CARTOUCH_HP_304N', 'CARTOUCHE HP 304 NOIR', 'TONERORIGI', NULL, 1, '', 'A20', 'V20', 2, 150, 200, 240, 1, 0, 0, '', 0, 1, NULL, NULL, NULL, NULL, '', NULL),
(354, 'CART_BLEU_HP933', 'CARTOUCHE ORIGINAL BLEU HP933', 'TONERORIGI', NULL, 1, '', 'A20', 'V20', 2, 210, 291.67, 350, 1, 0, 0, '', 0, 0, NULL, NULL, NULL, NULL, '', NULL),
(355, 'CART_BL_932_ORI', 'CARTOUCHE BLACK ORIGINAL 932', 'TONERORIGI', NULL, 1, '', 'A20', 'V20', 2, 350, 458.33, 550, 1, 0, 0, '', 0, 0, NULL, NULL, NULL, NULL, '', NULL),
(356, 'CART_HP933YELL', 'CARTOUCHE ORIGINAL HP933 YELLOW', 'TONERORIGI', NULL, 1, '', 'A20', 'V20', 2, 175, 291.67, 350, 1, 0, 0, '', 0, 0, NULL, NULL, NULL, NULL, '', NULL),
(357, 'CART_HP_950XL', 'CARTOUCHE HP ORIGINAL 8620 CLR 950XL', 'TONERORIGI', NULL, 1, '', 'A20', 'V20', 2, 0, 461.67, 554, 1, 0, 0, '', 0, 0, NULL, NULL, NULL, NULL, '', NULL),
(358, 'CART_OHP122BLACK', 'CARTOUCHE ORIGINAL HP122 BLACK', 'TONERORIGI', NULL, 1, '', 'A20', 'V20', 2, 134, 179.17, 215, 1, 0, 0, '', 0, 0, NULL, NULL, NULL, NULL, '', NULL),
(359, 'CART_OHP21_BLACK', 'CARTOUCHE ORIGINAL HP 21BLACK', 'TONERORIGI', NULL, 1, '', 'A20', 'V20', 2, 200, 226, 271.2, 1, 0, 0, '', 0, 0, NULL, NULL, NULL, NULL, '', NULL),
(360, 'CART_OHP22COL', 'CARTOUCHE ORIGINAL HP22 COULEUR ', 'TONERORIGI', NULL, 1, '', 'A20', 'V20', 2, 260, 299, 358.8, 1, 0, 0, '', 0, 0, NULL, NULL, NULL, NULL, '', NULL),
(361, 'COCANGI-490BK', 'CARTOUCHE ORIGINAL CANON GI-490 BK', 'TONERORIGI', NULL, 1, '', 'A20', 'V20', 2, 0, 133.33, 160, 1, 0, 0, '', 0, 0, NULL, NULL, NULL, NULL, '', NULL),
(362, 'COCANPG-510', 'CARTOUCHE D\'ENCRE ORIGINAL CANON  PG-510 ', 'TONERORIGI', NULL, 1, '', 'A20', 'V20', 2, 0, 166.67, 200, 1, 0, 0, '', 0, 0, NULL, NULL, NULL, NULL, '', NULL),
(363, 'CRTHP_YELL933XL', 'CARTOUCHE ORIGINAL HP 933XL', 'TONERORIGI', NULL, 1, '', 'A20', 'V20', 2, 0, 500, 600, 1, 0, 0, '', 0, 0, NULL, NULL, NULL, NULL, '', NULL),
(364, 'DROLEXX466', 'DRUM ORIGINAL LEXMARK X466', 'TONERORIGI', NULL, 1, '', 'A20', 'V20', 2, 400, 541.67, 650, 1, 0, 0, '', 0, -1, NULL, NULL, NULL, NULL, '', NULL),
(365, 'DRUMHP32A', 'DRUM HP 32A', 'TONERORIGI', NULL, 1, '', 'A20', 'V20', 2, 825, 1000, 1200, 1, 0, 0, '', 0, -1, NULL, NULL, NULL, NULL, '', NULL),
(366, 'RUBANYMCKO200', 'RUBVAN COULEUR EVOLIS YMCKO200', 'TONERORIGI', NULL, 1, '', 'A20', 'V20', 2, 400, 541.67, 650, 1, 0, 0, '', 0, -6, NULL, NULL, NULL, NULL, '', NULL),
(367, 'TOC054B', 'TONER ORIGINAL CANON 054 B', 'TONERORIGI', NULL, 1, '', 'A20', 'V20', 2, 0, 724.17, 869, 1, 0, 0, '', 0, 0, NULL, NULL, NULL, NULL, '', NULL),
(368, 'TOC725', 'TONER ORIGINAL CANON 725', 'TONERORIGI', NULL, 1, '', 'A20', 'V20', 2, 0, 683.33, 820, 1, 0, 0, '', 0, 0, NULL, NULL, NULL, NULL, '', NULL),
(369, 'TOCCEXV54_B', 'TONER ORIGINAL CANON CEXV54 B', 'TONERORIGI', NULL, 1, '', 'A20', 'V20', 2, 0, 582.08, 698.5, 1, 0, 0, '', 0, 0, NULL, NULL, NULL, NULL, '', NULL),
(370, 'TOCCEXV54_C', 'TONER ORIGINAL CANON CEXV54 CYAN', 'TONERORIGI', NULL, 1, '', 'A20', 'V20', 2, 0, 852.5, 1023, 1, 0, 0, '', 0, 0, NULL, NULL, NULL, NULL, '', NULL),
(371, 'TOCCEXV54_M', 'TONER ORIGINAL CANON CEXV54 MAGENTA ', 'TONERORIGI', NULL, 1, '', 'A20', 'V20', 2, 0, 852.5, 1023, 1, 0, 0, '', 0, 0, NULL, NULL, NULL, NULL, '', NULL),
(372, 'TOCCEXV54_YEL', 'TONER ORIGINAL CANON CEXV54 YELLOW', 'TONERORIGI', NULL, 1, '', 'A20', 'V20', 2, 0, 852.5, 1023, 1, 0, 0, '', 0, 0, NULL, NULL, NULL, NULL, '', NULL),
(373, 'TOCF531A', 'TONER ORIGINAL HP CF531A', 'TONERORIGI', NULL, 1, '', 'A20', 'V20', 2, 0, 633.33, 760, 1, 0, 0, '', 0, 0, NULL, NULL, NULL, NULL, '', NULL),
(374, 'TOHP05A', 'TONER HP ORIGINAL 05A', 'TONERORIGI', NULL, 1, '', 'A20', 'V20', 2, 916.67, 1008.33, 1210, 1, 0, 0, '', 0, 0, NULL, NULL, NULL, NULL, '', NULL),
(375, 'TOHP117A_NOIR', 'TONER ORIGINAL HP117A', 'TONERORIGI', NULL, 1, '', 'A20', 'V20', 2, 434, 641.67, 770, 1, 0, 0, '', 0, 0, NULL, NULL, NULL, NULL, '', NULL),
(376, 'TOHP12A', 'TONER ORIGINAL HP 12A', 'TONERORIGI', NULL, 1, '', 'A20', 'V20', 2, 0, 939.17, 1127, 1, 0, 0, '', 0, 0, NULL, NULL, NULL, NULL, '', NULL),
(377, 'TOHP131N', 'TONER ORIGINAL HP 131 NOIR', 'TONERORIGI', NULL, 1, '', 'A20', 'V20', 2, 0, 830, 996, 1, 0, 0, '', 0, 0, NULL, NULL, NULL, NULL, '', NULL),
(378, 'TOHP136A', 'TONER ORIGINAL HP 136A ', 'TONERORIGI', NULL, 1, '', 'A20', 'V20', 2, 500, 591.67, 710, 1, 0, 0, '', 0, 0, NULL, NULL, NULL, NULL, '', NULL),
(379, 'TOHP19A', 'TONER ORIGINAL HP 19A ', 'TONERORIGI', NULL, 1, '', 'A20', 'V20', 2, 0, 881.67, 1058, 1, 0, 0, '', 0, 0, NULL, NULL, NULL, NULL, '', NULL),
(380, 'TOHP203A', 'TONER HP ORIGINAL 203A', 'TONERORIGI', NULL, 1, '', 'A20', 'V20', 2, 684, 805.83, 967, 1, 0, 0, '', 0, -7, NULL, NULL, NULL, NULL, '', NULL),
(381, 'TOHP205A', 'TONER ORIGINAL HP 205A BLACK', 'TONERORIGI', NULL, 1, '', 'A20', 'V20', 2, 0, 685.83, 823, 1, 0, 0, '', 0, 0, NULL, NULL, NULL, NULL, '', NULL),
(382, 'TOHP205A_C', 'TONER ORIGINAL HP 205A CYAN', 'TONERORIGI', NULL, 1, '', 'A20', 'V20', 2, 0, 759.6, 911.52, 1, 0, 0, '', 0, 0, NULL, NULL, NULL, NULL, '', NULL),
(383, 'TOHP205A_M', 'TONER ORIGINAL HP205A MAGENTA', 'TONERORIGI', NULL, 1, '', 'A20', 'V20', 2, 0, 759.6, 911.52, 1, 0, 0, '', 0, 0, NULL, NULL, NULL, NULL, '', NULL),
(384, 'TOHP205A_Y', 'TONER ORIGINAL 205A YELLOW', 'TONERORIGI', NULL, 1, '', 'A20', 'V20', 2, 0, 759.6, 911.52, 1, 0, 0, '', 0, 0, NULL, NULL, NULL, NULL, '', NULL),
(385, 'TOHP2070A', 'TONER ORIGINAL HP W2070A', 'TONERORIGI', NULL, 1, '', 'A20', 'V20', 2, 0, 527.08, 632.5, 1, 0, 0, '', 0, 0, NULL, NULL, NULL, NULL, '', NULL),
(386, 'TOHP207A', 'TONER ORIGINAL 207A NOIR', 'TONERORIGI', NULL, 1, '', 'A20', 'V20', 2, 650, 750, 900, 1, 0, 0, '', 0, 0, NULL, NULL, NULL, NULL, '', NULL),
(387, 'TOHP207AC', 'TONER ORIGINAL HP 207A COULEUR', 'TONERORIGI', NULL, 1, '', 'A20', 'V20', 2, 800, 1000, 1200, 1, 0, 0, '', 0, 0, NULL, NULL, NULL, NULL, '', NULL),
(388, 'TOHP35A', 'TONER ORIGINAL  HP35A', 'TONERORIGI', NULL, 1, '', 'A20', 'V20', 2, 0, 805, 966, 1, 0, 0, '', 0, 0, NULL, NULL, NULL, NULL, '', NULL),
(389, 'TOHP36A', 'TONER ORIGINAL HP36A', 'TONERORIGI', NULL, 1, '', 'A20', 'V20', 2, 0, 939.17, 1127, 1, 0, 0, '', 0, 0, NULL, NULL, NULL, NULL, '', NULL),
(390, 'TOHP415AN', 'TONER ORIGINAL HP 415A NOIR ', 'TONERORIGI', NULL, 1, '', 'A20', 'V20', 2, 0, 1125, 1350, 1, 0, 0, '', 0, 0, NULL, NULL, NULL, NULL, '', NULL),
(391, 'TOHP415A_CLR', 'TONER ORIGINAL HP 415A COULEUR ', 'TONERORIGI', NULL, 1, '', 'A20', 'V20', 2, 0, 1500, 1800, 1, 0, 0, '', 0, 0, NULL, NULL, NULL, NULL, '', NULL),
(392, 'TOHP51A', 'TONER ORIGINAL HP 51A', 'TONERORIGI', NULL, 1, '', 'A20', 'V20', 2, 0, 1820.83, 2185, 1, 0, 0, '', 0, 0, NULL, NULL, NULL, NULL, '', NULL),
(393, 'TOHP530A', 'TONER ORIGINAL HP CF530A', 'TONERORIGI', NULL, 1, '', 'A20', 'V20', 2, 412.2, 566.67, 680, 1, 0, 0, '', 0, 0, NULL, NULL, NULL, NULL, '', NULL),
(394, 'TOHP55A', 'TONER ORIGINAL HP 55A', 'TONERORIGI', NULL, 1, '', 'A20', 'V20', 2, 0, 1744.17, 2093, 1, 0, 0, '', 0, 0, NULL, NULL, NULL, NULL, '', NULL),
(395, 'TOHP59A', 'TONER ORIGINAL 59A', 'TONERORIGI', NULL, 1, '', 'A20', 'V20', 2, 0, 1322.5, 1587, 1, 0, 0, '', 0, 0, NULL, NULL, NULL, NULL, '', NULL),
(396, 'TOHP78A', 'TONER OGIRINAL HP 78A', 'TONERORIGI', NULL, 1, '', 'A20', 'V20', 2, 0, 708.33, 850, 1, 0, 0, '', 0, 0, NULL, NULL, NULL, NULL, '', NULL),
(397, 'TOHP83A', 'TONER ORIGINAL HP 83A', 'TONERORIGI', NULL, 1, '', 'A20', 'V20', 2, 0, 872.08, 1046.5, 1, 0, 0, '', 0, 0, NULL, NULL, NULL, NULL, '', NULL),
(398, 'TOHP85A', 'TONER ORIGINAL HP 85A', 'TONERORIGI', NULL, 1, '', 'A20', 'V20', 2, 805, 916.67, 1100, 1, 0, 0, '', 0, 0, NULL, NULL, NULL, NULL, '', NULL),
(399, 'TOHP89A', 'TONER HP ORIGINAL 89A', 'TONERORIGI', NULL, 1, '', 'A20', 'V20', 2, 1462.5, 1608.33, 1930, 1, 0, 0, '', 0, 0, NULL, NULL, NULL, NULL, '', NULL),
(400, 'TOHPCB436A', 'TONER ORIGINAL HP CB436A', 'TONERORIGI', NULL, 1, '', 'A20', 'V20', 2, 0, 1166.67, 1400, 1, 0, 0, '', 0, 0, NULL, NULL, NULL, NULL, '', NULL),
(401, 'TOHPCE320A', 'TONER ORIGINAL HP CE320A', 'TONERORIGI', NULL, 1, '', 'A20', 'V20', 2, 850, 950, 1140, 1, 0, 0, '', 0, 0, NULL, NULL, NULL, NULL, '', NULL),
(402, 'TOHPCE321A', 'TONER ORIGINAL HP CE321A', 'TONERORIGI', NULL, 1, '', 'A20', 'V20', 2, 792, 950, 1140, 1, 0, 0, '', 0, 0, NULL, NULL, NULL, NULL, '', NULL),
(403, 'TOHPCE740A', 'TONER ORIGINAL HP CE740', 'TONERORIGI', NULL, 1, '', 'A20', 'V20', 2, 0, 2016.67, 2420, 1, 0, 0, '', 0, 0, NULL, NULL, NULL, NULL, '', NULL),
(404, 'TOHPCE741', 'TONER ORIGINAL HP CE741A', 'TONERORIGI', NULL, 1, '', 'A20', 'V20', 2, 0, 3556.67, 4268, 1, 0, 0, '', 0, 0, NULL, NULL, NULL, NULL, '', NULL),
(405, 'TOHPCE742A', 'TONER ORIGINAL HP CE742A', 'TONERORIGI', NULL, 1, '', 'A20', 'V20', 2, 0, 3556.67, 4268, 1, 0, 0, '', 0, 0, NULL, NULL, NULL, NULL, '', NULL),
(406, 'TOHPCE743A', 'TONER ORIGINAL HP CE743A', 'TONERORIGI', NULL, 1, '', 'A20', 'V20', 2, 0, 3556.67, 4268, 1, 0, 0, '', 0, 0, NULL, NULL, NULL, NULL, '', NULL),
(407, 'TOHPCF226A', 'TONER ORIGINAL HP CF226A', 'TONERORIGI', NULL, 1, '', 'A20', 'V20', 2, 0, 1540, 1848, 1, 0, 0, '', 0, 0, NULL, NULL, NULL, NULL, '', NULL),
(408, 'TOHPCF531A', 'TONER ORIGINAL HP CF531A', 'TONERORIGI', NULL, 1, '', 'A20', 'V20', 2, 0, 633.33, 760, 1, 0, 0, '', 0, 0, NULL, NULL, NULL, NULL, '', NULL),
(409, 'TOHPCF532A', 'TONER ORIGINAL HP CF532A', 'TONERORIGI', NULL, 1, '', 'A20', 'V20', 2, 0, 633.33, 760, 1, 0, 0, '', 0, 0, NULL, NULL, NULL, NULL, '', NULL),
(410, 'TOHPCF533A', 'TONER ORIGINAL HP CF533A', 'TONERORIGI', NULL, 1, '', 'A20', 'V20', 2, 0, 633.33, 760, 1, 0, 0, '', 0, 0, NULL, NULL, NULL, NULL, '', NULL),
(411, 'TOHPW1350', 'TONER RIGINAL HP W1350', 'TONERORIGI', NULL, 1, '', 'A20', 'V20', 2, 0, 583.33, 700, 1, 0, 0, '', 0, 0, NULL, NULL, NULL, NULL, '', NULL),
(412, 'TOHPW2030A_CLR', 'TONER ORIGINAL HPW2030A COULEUR ', 'TONERORIGI', NULL, 1, '', 'A20', 'V20', 2, 809, 1316.67, 1580, 1, 0, 0, '', 0, 0, NULL, NULL, NULL, NULL, '', NULL),
(413, 'TOHPW2030A_N', 'TONER ORIGINAL HP W2030A NOIR ', 'TONERORIGI', NULL, 1, '', 'A20', 'V20', 2, 684, 1000, 1200, 1, 0, 0, '', 0, 0, NULL, NULL, NULL, NULL, '', NULL),
(414, 'TOHPW2071A', 'TONER ORIGINAL HP W2071A', 'TONERORIGI', NULL, 1, '', 'A20', 'V20', 2, 0, 605, 726, 1, 0, 0, '', 0, 0, NULL, NULL, NULL, NULL, '', NULL),
(415, 'TOHPW2072A', 'TONER ORIGINAL HP W2072A', 'TONERORIGI', NULL, 1, '', 'A20', 'V20', 2, 0, 605, 726, 1, 0, 0, '', 0, 0, NULL, NULL, NULL, NULL, '', NULL),
(416, 'TOHPW2073A', 'TONER ORIGINAL HPW2073A', 'TONERORIGI', NULL, 1, '', 'A20', 'V20', 2, 0, 605, 726, 1, 0, 0, '', 0, 0, NULL, NULL, NULL, NULL, '', NULL),
(417, 'TOHP_131_COULEUR', 'TONER ORIGINAL HP 131 COULEUR', 'TONERORIGI', NULL, 1, '', 'A20', 'V20', 2, 0, 1000, 1200, 1, 0, 0, '', 0, 0, NULL, NULL, NULL, NULL, '', NULL),
(418, 'TOHP_950NOIR', 'TONER ORIGINAL HP 950 NOIR', 'TONERORIGI', NULL, 1, '', 'A20', 'V20', 2, 0, 3483.33, 4180, 1, 0, 0, '', 0, 0, NULL, NULL, NULL, NULL, '', NULL),
(419, 'TOHP_951BLEU', 'TONER ORIGINAL HP951 BLEU', 'TONERORIGI', NULL, 1, '', 'A20', 'V20', 2, 0, 253.33, 304, 1, 0, 0, '', 0, 0, NULL, NULL, NULL, NULL, '', NULL),
(420, 'TOHP_951_MAGENTA', 'TONER ORIGINAL HP 951 MAGENTA', 'TONERORIGI', NULL, 1, '', 'A20', 'V20', 2, 0, 253.33, 304, 1, 0, 0, '', 0, 0, NULL, NULL, NULL, NULL, '', NULL),
(421, 'TOHP_M607', 'TONER ORIGINAL HP M607', 'TONERORIGI', NULL, 1, '', 'A20', 'V20', 2, 0, 1934.17, 2321, 1, 0, 0, '', 0, 0, NULL, NULL, NULL, NULL, '', NULL),
(422, 'TOKYOCERA_6525MFP', 'TONER ORIGINAL KYOCERA 6525MFP', 'TONERORIGI', NULL, 1, '', 'A20', 'V20', 2, 0, 1150, 1380, 1, 0, 0, '', 0, 0, NULL, NULL, NULL, NULL, '', NULL),
(423, 'TOLEX_317DN', 'TONER ORIGINAL LEXMARK 317DN', 'TONERORIGI', NULL, 1, '', 'A20', 'V20', 2, 0, 733.33, 880, 1, 0, 0, '', 0, 0, NULL, NULL, NULL, NULL, '', NULL),
(424, 'TOMINOLTATN414', 'TONER ORIGINAL MINOLTA TN414', 'TONERORIGI', NULL, 1, '', 'A20', 'V20', 2, 0, 566.67, 680, 1, 0, 0, '', 0, 0, NULL, NULL, NULL, NULL, '', NULL),
(425, 'TONER', 'TONER', 'TONERORIGI', NULL, 1, '', 'A20', 'V20', 2, 0, 0, 0, 1, 0, 0, '', 0, 0, NULL, NULL, NULL, NULL, '', NULL),
(426, 'TOSAMC2070F', 'TONER ORIGINAL SAMSUNG C2070F', 'TONERORIGI', NULL, 1, '', 'A20', 'V20', 2, 0, 720, 864, 1, 0, 0, '', 0, 0, NULL, NULL, NULL, NULL, '', NULL),
(427, 'TOSAM_ML3320', 'TONER COMPATIBLE SAMSUNG ML 3320', 'TONERORIGI', NULL, 1, '', 'A20', 'V20', 2, 0, 747.5, 897, 1, 0, 0, '', 0, 0, NULL, NULL, NULL, NULL, '', NULL),
(428, 'TOSHARP6020', 'TONER ORIGINAL SHARP 6020/6023', 'TONERORIGI', NULL, 1, '', 'A20', 'V20', 2, 517, 625, 750, 1, 0, 0, '', 0, -2, NULL, NULL, NULL, NULL, '', NULL),
(429, 'TOTADC2118', 'TONER ORIGINAL TRIUMPH-ADLER DC 2118', 'TONERORIGI', NULL, 1, '', 'A20', 'V20', 2, 800, 966.67, 1160, 1, 0, 0, '', 0, 0, NULL, NULL, NULL, NULL, '', NULL),
(430, 'TO_MS810DN', 'TONER  ORIGINAL MS810DN', 'TONERORIGI', NULL, 1, '', 'A20', 'V20', 2, 0, 1815, 2178, 1, 0, 0, '', 0, 0, NULL, NULL, NULL, NULL, '', NULL),
(431, 'SERVICE', 'SERVICE LAIVRAISON', 'TRANSPORT', NULL, 3, '', 'A20', 'V20', 2, 40, 33.33, 40, 1, 0, 0, '', 0, 0, NULL, NULL, NULL, NULL, '', NULL),
(11880, 'Atest', 'Atest', 'tes', 0, NULL, '89', 'A20', 'V20', 2, 0, 120, 144, 0, 0, 0, '', 0, 0, '2023-03-14', 0, 0, NULL, '', 20),
(14425, 'ffgf', 'gfgf', 'tes', 0, NULL, NULL, NULL, 'V20', 3, NULL, 12, 14.4, 0, NULL, NULL, NULL, NULL, 0, NULL, NULL, NULL, NULL, NULL, 30),
(14426, 'mdd', 'sfdsdf', 'tes', 0, NULL, NULL, NULL, 'V20', 3, NULL, 12, 14.4, 0, NULL, NULL, NULL, NULL, 0, NULL, NULL, NULL, NULL, NULL, 30),
(14427, 'retd', 'reeeeee', 'tes', 2, NULL, NULL, NULL, 'V20', 3, NULL, 89, 106.8, 0, NULL, NULL, NULL, NULL, 0, NULL, NULL, NULL, NULL, NULL, 0),
(14428, 'fg', 'dgdf', 'tes', 0, NULL, NULL, NULL, 'V20', 3, NULL, 120, 144, 0, NULL, NULL, NULL, NULL, 0, NULL, NULL, NULL, NULL, NULL, 0),
(14429, 'forsk', 'lsldj', 'tes', 2, NULL, NULL, NULL, 'V20', 3, NULL, 50, 60, 0, NULL, NULL, NULL, NULL, 0, NULL, NULL, NULL, NULL, NULL, 0),
(14430, 'mp', 'mp', 'tes', 0, NULL, NULL, NULL, 'V20', 3, NULL, 80, 96, 0, NULL, NULL, NULL, NULL, 0, NULL, NULL, NULL, NULL, NULL, 80),
(14431, 'poy', 'yoygrffr', 'tes', 0, NULL, NULL, NULL, 'V20', 3, NULL, 10, 12, 0, NULL, NULL, NULL, NULL, 0, NULL, NULL, NULL, NULL, NULL, 0),
(14432, 'poyj', 'yoygrffr', 'tes', 0, NULL, NULL, NULL, 'V20', 3, NULL, 10, 12, 0, NULL, NULL, NULL, NULL, 0, NULL, NULL, NULL, NULL, NULL, 0),
(14433, 'pol', 'sdsdd', 'tes', 0, NULL, NULL, NULL, 'V20', 3, NULL, 10, 12, 0, NULL, NULL, NULL, NULL, 0, NULL, NULL, NULL, NULL, NULL, 0),
(14434, 'polds', 'sdsdd', 'tes', 0, NULL, NULL, NULL, 'V20', 3, NULL, 10, 12, 0, NULL, NULL, NULL, NULL, 0, NULL, NULL, NULL, NULL, NULL, 0),
(14435, 'rtc', 'rdf', 'tes', 0, NULL, NULL, NULL, 'V20', 3, NULL, 40, 48, 0, NULL, NULL, NULL, NULL, 0, NULL, NULL, NULL, NULL, NULL, 0),
(14436, 'rtcz', 'rdf', 'tes', 0, NULL, NULL, NULL, 'V20', 3, NULL, 40, 48, 0, NULL, NULL, NULL, NULL, 0, NULL, NULL, NULL, NULL, NULL, 0),
(14437, 'rtczz', 'rdf', 'tes', 0, NULL, NULL, NULL, 'V20', 3, NULL, 40, 48, 0, NULL, NULL, NULL, NULL, 0, NULL, NULL, NULL, NULL, NULL, 0),
(14438, 'rtczzs', 'rdf', 'tes', 0, NULL, NULL, NULL, 'V20', 3, NULL, 40, 48, 0, NULL, NULL, NULL, NULL, 0, NULL, NULL, NULL, NULL, NULL, 0),
(14439, 'rtczzss', 'rdf', 'tes', 0, NULL, NULL, NULL, 'V20', 3, NULL, 40, 48, 0, NULL, NULL, NULL, NULL, 0, NULL, NULL, NULL, NULL, NULL, 0),
(14440, 'erdsr', 'rdf', 'tes', 0, NULL, NULL, NULL, 'V20', 3, NULL, 40, 48, 0, NULL, NULL, NULL, NULL, 0, NULL, NULL, NULL, NULL, NULL, 0),
(14441, 'erdsrz', 'rdf', 'tes', 0, NULL, NULL, NULL, 'V20', 3, NULL, 40, 48, 0, NULL, NULL, NULL, NULL, 0, NULL, NULL, NULL, NULL, NULL, 0),
(14442, 'mlpo', 'rt', 'tes', 0, NULL, NULL, NULL, 'V20', 3, NULL, 100, 120, 0, NULL, NULL, NULL, NULL, 0, NULL, NULL, NULL, NULL, NULL, 0),
(14443, 'reradf', 'aefer', 'tes', 0, NULL, NULL, NULL, 'V20', 3, NULL, 50, 60, 0, NULL, NULL, NULL, NULL, 0, NULL, NULL, NULL, NULL, NULL, 0),
(14444, 'aneds', 'anedsss', 'tes', 0, NULL, NULL, NULL, 'V20', 3, NULL, 100, 120, 0, NULL, NULL, NULL, NULL, 0, NULL, NULL, NULL, NULL, NULL, 0),
(14445, 'aaaze', 'aaaaze', 'tes', 0, NULL, NULL, NULL, 'V20', 3, NULL, 41, 49.2, 0, NULL, NULL, NULL, NULL, 0, NULL, NULL, NULL, NULL, NULL, 0),
(14446, 'aaasdf', 'ddsd', 'tes', 1, NULL, NULL, NULL, 'V20', 3, NULL, 20, 24, 0, NULL, NULL, NULL, NULL, 0, NULL, NULL, NULL, NULL, NULL, 60),
(14447, 'abbbb', 'abbbb', 'tes', 0, NULL, NULL, NULL, 'V20', 3, NULL, 20, 24, 0, NULL, NULL, NULL, NULL, 0, NULL, NULL, NULL, NULL, NULL, 0),
(14448, 'aaaaaaaaaaaa', 'aaaaaaaaaaa', 'tes', 0, NULL, NULL, NULL, 'V20', 3, NULL, 10, 12, 0, NULL, NULL, NULL, NULL, 0, NULL, NULL, NULL, NULL, NULL, 0);

--
-- Triggers `article`
--
DELIMITER $$
CREATE TRIGGER `trg_stock` AFTER UPDATE ON `article` FOR EACH ROW BEGIN
  IF NEW.stockreel<NEW.stock_minimal THEN 
  INSERT INTO alert_manque_stock SET id_article=NEW.id;
  END IF;
  END
$$
DELIMITER ;

-- --------------------------------------------------------

--
-- Table structure for table `billets`
--

CREATE TABLE `billets` (
  `id` int(11) NOT NULL,
  `designation` varchar(100) DEFAULT NULL,
  `image` text DEFAULT NULL,
  `valeur` varchar(4) DEFAULT NULL
) ENGINE=InnoDB DEFAULT CHARSET=utf8mb4;

--
-- Dumping data for table `billets`
--

INSERT INTO `billets` (`id`, `designation`, `image`, `valeur`) VALUES
(1, '200 DH', '1.jpg', '200'),
(2, '100 DH', '2.jpg', '100'),
(3, '50 DH', '3.jpg', '50'),
(4, '20 DH', '4.jpg', '20'),
(5, '10 DH', '5.png', '10'),
(6, '5 DH', '6.png', '5'),
(7, '20 cent', '7.png', '0.2'),
(8, '10 cent', '8.png', '0.1'),
(9, '1/2 DH', '9.png', '0.5'),
(10, '1 DH', '10.png', '1'),
(11, '2 DH', '11.png', '2');

-- --------------------------------------------------------

--
-- Table structure for table `caisse`
--

CREATE TABLE `caisse` (
  `id` int(11) NOT NULL,
  `intitule` varchar(100) DEFAULT NULL,
  `id_collaborateur` int(11) DEFAULT NULL,
  `adresse` text DEFAULT NULL,
  `ville` varchar(100) DEFAULT NULL,
  `id_depot` int(11) DEFAULT NULL,
  `active` tinyint(1) DEFAULT NULL
) ENGINE=InnoDB DEFAULT CHARSET=utf8mb4;

--
-- Dumping data for table `caisse`
--

INSERT INTO `caisse` (`id`, `intitule`, `id_collaborateur`, `adresse`, `ville`, `id_depot`, `active`) VALUES
(1, 't', 1, 'sd', 'casa', 2, 1);

-- --------------------------------------------------------

--
-- Table structure for table `catalogue`
--

CREATE TABLE `catalogue` (
  `id` int(11) NOT NULL,
  `nom` varchar(100) DEFAULT NULL,
  `image` text DEFAULT NULL,
  `id_pere` int(11) DEFAULT 0,
  `level` varchar(100) NOT NULL,
  `position` int(11) NOT NULL,
  `parents` varchar(100) NOT NULL
) ENGINE=InnoDB DEFAULT CHARSET=latin1;

--
-- Dumping data for table `catalogue`
--

INSERT INTO `catalogue` (`id`, `nom`, `image`, `id_pere`, `level`, `position`, `parents`) VALUES
(1, 'test', NULL, 0, '1', 1, ''),
(2, 't', NULL, 1, '2', 2, '');

-- --------------------------------------------------------

--
-- Table structure for table `client`
--

CREATE TABLE `client` (
  `id` int(11) NOT NULL,
  `codeclient` varchar(255) NOT NULL,
  `nom` varchar(100) NOT NULL,
  `adresse` text DEFAULT NULL,
  `adresse2` varchar(255) DEFAULT NULL,
  `ville` varchar(4) NOT NULL,
  `tele` varchar(15) DEFAULT NULL,
  `fax` text DEFAULT NULL,
  `email` varchar(100) DEFAULT NULL,
  `ice` varchar(13) DEFAULT NULL,
  `i_f` varchar(13) DEFAULT NULL,
  `map_x` varchar(255) DEFAULT NULL,
  `map_y` varchar(255) DEFAULT NULL,
  `geolocalisation` text DEFAULT NULL,
  `active` tinyint(1) DEFAULT NULL,
  `idCollab` int(11) DEFAULT NULL,
  `plafond` float DEFAULT NULL,
  `encoureBl` float DEFAULT NULL,
  `encoureFct` float DEFAULT NULL,
  `zone` varchar(100) DEFAULT NULL,
  `prospect_id` int(11) DEFAULT NULL
) ENGINE=InnoDB DEFAULT CHARSET=utf8;

--
-- Dumping data for table `client`
--

INSERT INTO `client` (`id`, `codeclient`, `nom`, `adresse`, `adresse2`, `ville`, `tele`, `fax`, `email`, `ice`, `i_f`, `map_x`, `map_y`, `geolocalisation`, `active`, `idCollab`, `plafond`, `encoureBl`, `encoureFct`, `zone`, `prospect_id`) VALUES
(20, 'ser', 'sd', NULL, NULL, '3', NULL, NULL, NULL, NULL, NULL, NULL, NULL, NULL, NULL, 1, NULL, NULL, NULL, NULL, NULL),
(21, 'ser2', 'sd2', NULL, NULL, '3', NULL, NULL, NULL, NULL, NULL, NULL, NULL, NULL, NULL, 1, NULL, NULL, NULL, NULL, NULL),
(22, 's3', 's31', NULL, NULL, '1', NULL, NULL, NULL, NULL, NULL, NULL, NULL, NULL, NULL, 1, NULL, NULL, NULL, NULL, NULL),
(23, 'ze', 'ds', NULL, NULL, '3', NULL, NULL, NULL, NULL, NULL, NULL, NULL, NULL, NULL, 1, NULL, NULL, NULL, NULL, NULL),
(24, 'ssd', 'sdd', NULL, NULL, '2', NULL, NULL, NULL, NULL, NULL, NULL, NULL, NULL, NULL, 1, NULL, NULL, NULL, NULL, NULL);

-- --------------------------------------------------------

--
-- Table structure for table `cloture`
--

CREATE TABLE `cloture` (
  `date_dernier_cloture` datetime DEFAULT NULL,
  `montant_encaisse` float DEFAULT NULL,
  `id_caisse` int(11) DEFAULT NULL,
  `date_overture` datetime NOT NULL DEFAULT current_timestamp(),
  `date_fermeture` datetime DEFAULT NULL,
  `statut` varchar(20) DEFAULT NULL
) ENGINE=InnoDB DEFAULT CHARSET=utf8mb4;

--
-- Dumping data for table `cloture`
--

INSERT INTO `cloture` (`date_dernier_cloture`, `montant_encaisse`, `id_caisse`, `date_overture`, `date_fermeture`, `statut`) VALUES
(NULL, NULL, 1, '2023-04-26 08:50:38', NULL, NULL);

-- --------------------------------------------------------

--
-- Table structure for table `collaborateur`
--

CREATE TABLE `collaborateur` (
  `id_collaborateur` int(11) NOT NULL,
  `nom` varchar(100) DEFAULT NULL,
  `prenom` varchar(100) DEFAULT NULL,
  `service` varchar(255) DEFAULT NULL,
  `fonction` varchar(100) DEFAULT NULL,
  `matricule` varchar(100) DEFAULT NULL,
  `adresse` text DEFAULT NULL,
  `ville` int(11) DEFAULT NULL,
  `telephone` varchar(15) DEFAULT NULL,
  `gsm` varchar(15) DEFAULT NULL,
  `email` varchar(100) DEFAULT NULL,
  `vendeur` tinyint(1) DEFAULT NULL,
  `caissier` tinyint(1) DEFAULT NULL,
  `acheteur` tinyint(1) DEFAULT NULL,
  `controleur` tinyint(1) DEFAULT NULL,
  `recouvrement` tinyint(1) DEFAULT NULL,
  `rf` tinyint(1) DEFAULT NULL
) ENGINE=InnoDB DEFAULT CHARSET=utf8;

--
-- Dumping data for table `collaborateur`
--

INSERT INTO `collaborateur` (`id_collaborateur`, `nom`, `prenom`, `service`, `fonction`, `matricule`, `adresse`, `ville`, `telephone`, `gsm`, `email`, `vendeur`, `caissier`, `acheteur`, `controleur`, `recouvrement`, `rf`) VALUES
(1, 'salma', 'salma', '', '', '', '', 0, '', '', '', 1, 0, 0, 0, 0, 0);

-- --------------------------------------------------------

--
-- Table structure for table `config_print_caisse`
--

CREATE TABLE `config_print_caisse` (
  `id` int(11) NOT NULL,
  `id_caisse` int(11) DEFAULT NULL,
  `logo` text DEFAULT NULL,
  `width` float DEFAULT NULL,
  `header` text DEFAULT NULL,
  `footer` text DEFAULT NULL
) ENGINE=InnoDB DEFAULT CHARSET=utf8mb4;

--
-- Dumping data for table `config_print_caisse`
--

INSERT INTO `config_print_caisse` (`id`, `id_caisse`, `logo`, `width`, `header`, `footer`) VALUES
(1, 1, NULL, 58, '', '');

-- --------------------------------------------------------

--
-- Table structure for table `depot`
--

CREATE TABLE `depot` (
  `id` int(11) NOT NULL,
  `intitule` varchar(100) DEFAULT NULL,
  `adresse` text DEFAULT NULL,
  `ville` varchar(50) DEFAULT NULL,
  `depot_principale` tinyint(1) DEFAULT NULL
) ENGINE=InnoDB DEFAULT CHARSET=utf8mb4;

--
-- Dumping data for table `depot`
--

INSERT INTO `depot` (`id`, `intitule`, `adresse`, `ville`, `depot_principale`) VALUES
(1, 'DISUP', 'RUE DES ECOLE', 'CASA', 0),
(2, 'depot2', '', 'casa', 1);

-- --------------------------------------------------------

--
-- Table structure for table `depot_article`
--

CREATE TABLE `depot_article` (
  `id` int(11) NOT NULL,
  `id_article` int(11) DEFAULT NULL,
  `id_depot` int(11) DEFAULT NULL,
  `stock_reel` int(11) DEFAULT 0,
  `stock_cmd` int(11) DEFAULT 0,
  `stock_a_terme` int(11) DEFAULT 0,
  `stock_reserver` int(11) DEFAULT 0
) ENGINE=InnoDB DEFAULT CHARSET=utf8mb4;

--
-- Dumping data for table `depot_article`
--

INSERT INTO `depot_article` (`id`, `id_article`, `id_depot`, `stock_reel`, `stock_cmd`, `stock_a_terme`, `stock_reserver`) VALUES
(1, 2, 2, 2, 0, 0, 0),
(2, 2, 2, 2, 0, 0, 0);

-- --------------------------------------------------------

--
-- Table structure for table `docentete`
--

CREATE TABLE `docentete` (
  `id` int(11) NOT NULL,
  `iddomaine` int(11) DEFAULT NULL,
  `idtypedoc` int(11) DEFAULT NULL,
  `Num_doc` varchar(15) DEFAULT NULL,
  `DeviNum` varchar(50) DEFAULT NULL,
  `Facture_Num` varchar(50) DEFAULT NULL,
  `BCNum` varchar(50) DEFAULT NULL,
  `BLNum` varchar(50) DEFAULT NULL,
  `BRNum` varchar(50) DEFAULT NULL,
  `AvoirNum` varchar(50) DEFAULT NULL,
  `date_doc` date DEFAULT NULL,
  `ref_doc` varchar(30) DEFAULT NULL,
  `tier_doc` int(11) DEFAULT NULL,
  `is_prospect` tinyint(4) DEFAULT NULL,
  `id_depot` int(11) DEFAULT NULL,
  `id_depot_arrive` int(11) DEFAULT NULL,
  `id_expediteur` int(11) DEFAULT NULL,
  `imprimdoc` tinyint(4) DEFAULT NULL,
  `datelivraison` date DEFAULT NULL,
  `mntht` float NOT NULL DEFAULT 0,
  `mntttc` float NOT NULL DEFAULT 0,
  `mnttva` float NOT NULL DEFAULT 0,
  `mnt_net_ht` float DEFAULT 0,
  `Remise_g` float DEFAULT 0,
  `type_remise_g` varchar(3) DEFAULT NULL,
  `Note` text DEFAULT NULL,
  `conditions` text DEFAULT NULL,
  `total_payer` float NOT NULL DEFAULT 0,
  `id_affaire` int(11) DEFAULT NULL,
  `suiviLiv` tinyint(4) DEFAULT 0,
  `DevisDate` date DEFAULT NULL,
  `BCDate` date DEFAULT NULL,
  `BLDate` date DEFAULT NULL,
  `FCDate` date DEFAULT NULL,
  `mise_en_attente` tinyint(1) NOT NULL DEFAULT 1,
  `cloture` tinyint(1) NOT NULL,
  `invitation` tinyint(1) NOT NULL,
  `maison` tinyint(1) NOT NULL,
  `id_caisse` int(11) DEFAULT NULL,
  `valide` tinyint(1) DEFAULT NULL
) ENGINE=InnoDB DEFAULT CHARSET=utf8;

--
-- Dumping data for table `docentete`
--

INSERT INTO `docentete` (`id`, `iddomaine`, `idtypedoc`, `Num_doc`, `DeviNum`, `Facture_Num`, `BCNum`, `BLNum`, `BRNum`, `AvoirNum`, `date_doc`, `ref_doc`, `tier_doc`, `is_prospect`, `id_depot`, `id_depot_arrive`, `id_expediteur`, `imprimdoc`, `datelivraison`, `mntht`, `mntttc`, `mnttva`, `mnt_net_ht`, `Remise_g`, `type_remise_g`, `Note`, `conditions`, `total_payer`, `id_affaire`, `suiviLiv`, `DevisDate`, `BCDate`, `BLDate`, `FCDate`, `mise_en_attente`, `cloture`, `invitation`, `maison`, `id_caisse`, `valide`) VALUES
(3, 3, 18, 'MV_001', NULL, NULL, NULL, NULL, NULL, NULL, '2023-03-14', 'StockInitial-test', 0, 0, 0, 0, 0, NULL, '2023-03-14', 0, 0, 0, 0, 0, NULL, NULL, NULL, 0, 0, 0, NULL, NULL, NULL, NULL, 1, 0, 0, 0, NULL, NULL),
(6, 1, 1, 'DV_001', 'DV_001', NULL, NULL, NULL, NULL, NULL, '2023-03-30', '', 3, 1, 0, NULL, 1, NULL, '2023-03-30', 220, 264, 44, 0, 0, NULL, '', NULL, 0, 0, 0, NULL, NULL, NULL, NULL, 1, 0, 0, 0, NULL, NULL),
(7, 1, 1, 'DV_002', 'DV_002', NULL, NULL, NULL, NULL, NULL, '2023-03-31', '', 3, 1, 0, NULL, 1, NULL, '2023-03-31', 1208.33, 1450, 241.67, 0, 0, NULL, '', NULL, 0, 0, 0, NULL, NULL, NULL, NULL, 1, 0, 0, 0, NULL, NULL),
(8, 1, 1, 'DV_003', 'DV_003', NULL, NULL, NULL, NULL, NULL, '2023-03-31', '', 2, 1, 0, NULL, 1, NULL, '2023-03-31', 0, 0, 0, 0, 0, NULL, NULL, NULL, 0, 0, 0, NULL, NULL, NULL, NULL, 1, 0, 0, 0, NULL, NULL),
(9, 1, 1, 'DV_004', 'DV_004', NULL, NULL, NULL, NULL, NULL, '2023-04-01', '', 3, 1, 0, NULL, 1, NULL, '2023-04-01', 0, 0, 0, 0, 0, NULL, NULL, NULL, 0, 0, 0, NULL, NULL, NULL, NULL, 1, 0, 0, 0, NULL, NULL),
(12, 1, 1, 'DV_007', 'DV_007', NULL, NULL, NULL, NULL, NULL, '2023-04-04', '', 2, 1, 1, NULL, 1, NULL, '2023-04-04', 1416.67, 1700, 283.33, 0, 0, NULL, '', NULL, 0, 0, 0, NULL, NULL, NULL, NULL, 1, 0, 0, 0, NULL, NULL),
(14, 2, 15, 'FC_001', NULL, 'FC_001', NULL, NULL, NULL, NULL, '2023-04-04', '', 1, 0, 2, NULL, 0, NULL, '2023-04-04', 249, 298.8, 49.8, 0, 0, NULL, '', NULL, 0, 0, 0, NULL, NULL, NULL, NULL, 1, 0, 0, 0, NULL, NULL),
(15, 2, 15, 'FC_002', NULL, 'FC_002', NULL, NULL, NULL, NULL, '2023-04-04', '', 1, 0, 2, NULL, 0, NULL, '2023-04-04', 0, 0, 0, 0, 0, NULL, NULL, NULL, 0, 0, 0, NULL, NULL, NULL, NULL, 1, 0, 0, 0, NULL, NULL),
(16, 2, 15, 'FC_003', NULL, 'FC_003', NULL, NULL, NULL, NULL, '2023-04-04', '', 7, 0, 2, NULL, 0, NULL, '2023-04-04', 0, 0, 0, 0, 0, NULL, NULL, NULL, 0, 0, 0, NULL, NULL, NULL, NULL, 1, 0, 0, 0, NULL, NULL),
(17, 2, 15, 'FC_004', NULL, 'FC_004', NULL, NULL, NULL, NULL, '2023-04-04', '', 7, 0, 2, NULL, 0, NULL, '2023-04-04', 7650, 9180, 1530, 0, 0, '%', '', NULL, 0, 0, 0, NULL, NULL, NULL, NULL, 1, 0, 0, 0, NULL, NULL),
(18, 2, 15, 'FC_005', NULL, 'FC_005', NULL, NULL, NULL, NULL, '2023-04-05', '', 1, 0, 2, NULL, 0, NULL, '2023-04-05', 0, 0, 0, 0, 0, NULL, NULL, NULL, 0, 0, 0, NULL, NULL, NULL, NULL, 1, 0, 0, 0, NULL, NULL),
(19, 2, 15, 'FC_006', NULL, 'FC_006', NULL, NULL, NULL, NULL, '2023-04-05', '', 7, 0, 2, NULL, 0, NULL, '2023-04-05', 0, 0, 0, 0, 0, NULL, NULL, NULL, 0, 0, 0, NULL, NULL, NULL, NULL, 1, 0, 0, 0, NULL, NULL),
(20, 2, 15, 'FC_007', NULL, 'FC_007', NULL, NULL, NULL, NULL, '2023-04-05', '', 7, 0, 2, NULL, 0, NULL, '2023-04-05', 0, 0, 0, 0, 0, NULL, NULL, NULL, 0, 0, 0, NULL, NULL, NULL, NULL, 1, 0, 0, 0, NULL, NULL),
(21, 2, 15, 'FC_008', NULL, 'FC_008', NULL, NULL, NULL, NULL, '2023-04-05', '', 1, 0, 2, NULL, 0, NULL, '2023-04-05', 0, 0, 0, 0, 0, NULL, NULL, NULL, 0, 0, 0, NULL, NULL, NULL, NULL, 1, 0, 0, 0, NULL, NULL),
(22, 2, 15, 'FC_009', NULL, 'FC_009', NULL, NULL, NULL, NULL, '2023-04-05', '', 1, 0, 2, NULL, 0, NULL, '2023-04-05', 0, 0, 0, 0, 0, NULL, NULL, NULL, 0, 0, 0, NULL, NULL, NULL, NULL, 1, 0, 0, 0, NULL, NULL),
(23, 2, 15, 'FC_010', NULL, 'FC_010', NULL, NULL, NULL, NULL, '2023-04-05', '', 7, 0, 2, NULL, 0, NULL, '2023-04-05', 0, 0, 0, 0, 0, NULL, NULL, NULL, 0, 0, 0, NULL, NULL, NULL, NULL, 1, 0, 0, 0, NULL, NULL),
(24, 2, 15, 'FC_011', NULL, 'FC_011', NULL, NULL, NULL, NULL, '2023-04-05', '', 1, 0, 2, NULL, 0, NULL, '2023-04-05', 0, 0, 0, 0, 0, NULL, NULL, NULL, 0, 0, 0, NULL, NULL, NULL, NULL, 1, 0, 0, 0, NULL, NULL),
(25, 1, 1, 'DV_008', 'DV_008', NULL, NULL, NULL, NULL, NULL, '2023-04-06', '', 3, 1, 2, NULL, 1, NULL, '2023-04-06', 0, 0, 0, 0, 0, NULL, NULL, NULL, 0, 0, 0, NULL, NULL, NULL, NULL, 1, 0, 0, 0, NULL, NULL),
(26, 1, 1, 'DV_009', 'DV_009', NULL, NULL, NULL, NULL, NULL, '2023-04-06', '', 7, 0, 2, NULL, 1, NULL, '2023-04-06', 225, 270, 45, 215, 10, 'mnt', '', 'sldldl', 0, 0, 0, NULL, NULL, NULL, NULL, 1, 0, 0, 0, NULL, NULL),
(27, 1, 1, 'DV_010', 'DV_010', NULL, NULL, NULL, NULL, NULL, '2023-04-06', '', 3, 1, 2, NULL, 1, NULL, '2023-04-06', 0, 0, 0, NULL, 0, NULL, NULL, NULL, 0, 0, 0, NULL, NULL, NULL, NULL, 1, 0, 0, 0, NULL, NULL),
(28, 1, 1, 'DV_011', 'DV_011', NULL, NULL, NULL, NULL, NULL, '2023-04-06', '', 3, 1, 2, NULL, 1, NULL, '2023-04-06', 0, 0, 0, NULL, 0, NULL, NULL, NULL, 0, 0, 0, NULL, NULL, NULL, NULL, 1, 0, 0, 0, NULL, NULL),
(29, 1, 1, 'DV_012', 'DV_012', NULL, NULL, NULL, NULL, NULL, '2023-04-06', '', 3, 1, 2, NULL, 1, NULL, '2023-04-06', 0, 0, 0, NULL, 0, NULL, NULL, NULL, 0, 0, 0, NULL, NULL, NULL, NULL, 1, 0, 0, 0, NULL, NULL),
(30, 1, 1, 'DV_013', 'DV_013', NULL, NULL, NULL, NULL, NULL, '2023-04-06', '', 3, 1, 2, NULL, 1, NULL, '2023-04-06', 0, 0, 0, 1406.67, 10, 'mnt', NULL, NULL, 0, 0, 0, NULL, NULL, NULL, NULL, 1, 0, 0, 0, NULL, NULL),
(31, 1, 1, 'DV_014', 'DV_014', NULL, NULL, NULL, NULL, NULL, '2023-04-06', '', 3, 1, 2, NULL, 1, NULL, '2023-04-06', 0, 0, 0, -10, 10, 'mnt', NULL, NULL, 0, 0, 0, NULL, NULL, NULL, NULL, 1, 0, 0, 0, NULL, NULL),
(32, 1, 1, 'DV_015', 'DV_015', NULL, NULL, NULL, NULL, NULL, '2023-04-06', '', 3, 1, 2, NULL, 1, NULL, '2023-04-06', 0, 0, 0, NULL, 0, NULL, NULL, NULL, 0, 0, 0, NULL, NULL, NULL, NULL, 1, 0, 0, 0, NULL, NULL),
(33, 1, 1, 'DV_016', 'DV_016', NULL, NULL, NULL, NULL, NULL, '2023-04-06', '', 3, 1, 2, NULL, 1, NULL, '2023-04-06', 691.67, 830, 138.33, 681.67, 10, 'mnt', '', NULL, 0, 0, 0, NULL, NULL, NULL, NULL, 1, 0, 0, 0, NULL, NULL),
(34, 1, 1, 'DV_017', 'DV_017', NULL, NULL, NULL, NULL, NULL, '2023-04-06', '', 2, 1, 2, NULL, 1, NULL, '2023-04-06', 0, 0, 0, 1198.33, 10, 'mnt', NULL, NULL, 0, 0, 0, NULL, NULL, NULL, NULL, 1, 0, 0, 0, NULL, NULL),
(35, 1, 1, 'DV_018', 'DV_018', NULL, NULL, NULL, NULL, NULL, '2023-04-07', '', 2, 1, 2, NULL, 1, NULL, '2023-04-07', 0, 0, 0, 215, 10, 'mnt', '', NULL, 0, 0, 0, NULL, NULL, NULL, NULL, 1, 0, 0, 0, NULL, NULL),
(36, 1, 1, 'DV_019', 'DV_019', NULL, NULL, NULL, NULL, NULL, '2023-04-07', '', 3, 1, 2, NULL, 1, NULL, '2023-04-07', 225, 270, 45, 215, 10, 'mnt', NULL, 'ss', 0, 0, 0, NULL, NULL, NULL, NULL, 1, 0, 0, 0, NULL, NULL),
(38, 1, 2, 'BC_001', NULL, NULL, 'BC_001', NULL, NULL, NULL, '2023-04-07', '', 2, 0, 2, NULL, 1, NULL, '2023-04-07', 1900, 2280, 380, 0, 0, NULL, NULL, NULL, 0, 0, 0, NULL, NULL, NULL, NULL, 1, 0, 0, 0, NULL, NULL),
(39, 1, 2, 'BC_002', NULL, NULL, 'BC_002', NULL, NULL, NULL, '2023-04-07', '', 2, 0, 2, NULL, 1, NULL, '2023-04-07', 1416.67, 1700, 283.33, 1406.67, 10, 'mnt', NULL, NULL, 0, 0, 0, NULL, NULL, NULL, NULL, 1, 0, 0, 0, NULL, NULL),
(41, 1, 2, 'BC_003', 'DV_020', NULL, 'BC_003', NULL, NULL, NULL, '2023-04-17', '', 5, 0, 2, NULL, 1, NULL, '2023-04-17', 200, 240, 40, 0, 0, NULL, NULL, NULL, 0, 0, 0, '2023-04-17', NULL, NULL, NULL, 1, 0, 0, 0, NULL, NULL),
(42, 1, 2, 'BC_004', 'DV_020', NULL, 'BC_004', NULL, NULL, NULL, '2023-04-17', '', 6, 0, 2, NULL, 1, NULL, '2023-04-17', 200, 240, 40, 0, 0, NULL, NULL, NULL, 0, 0, 0, '2023-04-17', NULL, NULL, NULL, 1, 0, 0, 0, NULL, NULL),
(43, 1, 5, '1', NULL, 'FC_001', NULL, NULL, '1', NULL, '2023-04-17', '', 2, 0, 2, NULL, 1, NULL, '2023-04-17', 691.67, 830, 138.33, 0, 0, NULL, NULL, NULL, 0, 0, 0, NULL, NULL, NULL, '2023-04-17', 1, 0, 0, 0, NULL, NULL),
(44, NULL, 21, 'tk_1', NULL, NULL, NULL, NULL, NULL, NULL, '2023-04-26', NULL, 1, 0, NULL, NULL, NULL, NULL, NULL, 0, 0, 0, 0, 0, NULL, NULL, NULL, 0, NULL, 0, NULL, NULL, NULL, NULL, 1, 0, 0, 0, 1, NULL),
(45, NULL, 21, 'tk_2', NULL, NULL, NULL, NULL, NULL, NULL, '2023-04-26', NULL, 1, 0, NULL, NULL, NULL, NULL, NULL, 747.5, 897, 0, 0, 0, NULL, NULL, NULL, 0, NULL, 0, NULL, NULL, NULL, NULL, 1, 0, 0, 0, 1, NULL),
(46, NULL, 21, 'tk_3', NULL, NULL, NULL, NULL, NULL, NULL, '2023-04-26', NULL, 1, 0, NULL, NULL, NULL, NULL, NULL, 955, 1146, 0, 0, 0, NULL, NULL, NULL, 1146, NULL, 0, NULL, NULL, NULL, NULL, 0, 0, 0, 0, 1, 1);

-- --------------------------------------------------------

--
-- Table structure for table `docligne`
--

CREATE TABLE `docligne` (
  `id` int(11) NOT NULL,
  `iddocument` int(11) DEFAULT NULL,
  `idproduit` int(11) DEFAULT NULL,
  `Designation` varchar(100) DEFAULT NULL,
  `qte` int(11) DEFAULT NULL,
  `qte_retour` int(11) DEFAULT 0,
  `prix` float DEFAULT NULL,
  `idtauxtva` int(11) DEFAULT NULL,
  `Remise` float NOT NULL DEFAULT 0,
  `pUnet` double DEFAULT NULL,
  `total_ttc` float DEFAULT NULL
) ENGINE=InnoDB DEFAULT CHARSET=utf8;

--
-- Dumping data for table `docligne`
--

INSERT INTO `docligne` (`id`, `iddocument`, `idproduit`, `Designation`, `qte`, `qte_retour`, `prix`, `idtauxtva`, `Remise`, `pUnet`, `total_ttc`) VALUES
(1, 3, 11880, 'test', 0, 0, 0, NULL, 0, NULL, 0),
(20, 6, 151, 'TONER COMPATIBLE HP 85A', 2, 0, 110, 1, 0, 110, 264),
(21, 7, 9, 'IMPRIMANTE HP LASER JET PRO 130A', 1, 0, 1208.33, 1, 0, 1208.33, 1450),
(22, 12, 8, 'IMPRIMANTE MULTIFONCTION WIFI PIXMA G3411 JET D\'EN', 1, 0, 1416.67, 1, 0, 1416.67, 1700),
(68, 14, 24, 'BOX PAPIER A4 NAVIGATOR', 1, 0, 165, 6, 0, 165, 198),
(70, 17, 151, ' TONER COMPATIBLE HP 85A', 100, 0, 75, 6, 0, 75, 9000),
(71, 17, 151, 'TONER COMPATIBLE HP 85A', 1, 0, 75, 6, 0, 75, 90),
(72, 17, 151, 'TONER COMPATIBLE HP 85A', 1, 0, 75, 6, 0, 75, 90),
(73, 26, 21, 'BOX PAPIER A4 NAVIGATOR', 1, 0, 225, 1, 0, 225, 270),
(74, 33, 10, 'IMPRIMANTE HP LASER JET PRO M102A', 1, 0, 691.67, 1, 0, 691.67, 830),
(75, 35, 21, '   BOX PAPIER A4 NAVIGATOR', 1, 0, 225, 1, 0, 225, 270),
(76, 36, 21, ' BOX PAPIER A4 NAVIGATOR', 1, 0, 225, 1, 0, 225, 270),
(77, 38, 10, 'IMPRIMANTE HP LASER JET PRO M102A', 1, 0, 691.67, 1, 0, 691.67, 830),
(78, 38, 9, 'IMPRIMANTE HP LASER JET PRO 130A', 1, 0, 1208.33, 1, 0, 1208.33, 1450),
(79, 39, 8, 'IMPRIMANTE MULTIFONCTION WIFI PIXMA G3411 JET D\'EN', 1, 0, 1416.67, 1, 0, 1416.67, 1700),
(81, 41, 11, 'INTEVENTION ET SERVICE INFORMATIQUE', 1, 0, 200, 1, 0, 200, 240),
(82, 42, 11, 'INTEVENTION ET SERVICE INFORMATIQUE', 1, 0, 200, 1, 0, 200, 240),
(83, 43, 10, 'IMPRIMANTE HP LASER JET PRO M102A', 1, 0, 691.67, 1, 0, 691.67, 830),
(85, 45, 427, 'TONER COMPATIBLE SAMSUNG ML 3320', 1, 0, 747.5, 1, 0, 747.5, 897),
(86, 46, 10, 'IMPRIMANTE HP LASER JET PRO M102A', 1, 0, 691.67, 1, 0, 691.67, 830),
(87, 46, 31, 'BOTTLE ORIGINAL HP MOH54AE', 1, 0, 105, 1, 0, 105, 126),
(88, 46, 34, 'BOTTLE ORIGINALE HP MOH57AE', 1, 0, 158.33, 1, 0, 158.33, 190);

-- --------------------------------------------------------

--
-- Table structure for table `etape`
--

CREATE TABLE `etape` (
  `id` int(11) NOT NULL,
  `nom` varchar(100) NOT NULL,
  `idProduit` int(11) NOT NULL,
  `duree` int(11) NOT NULL
) ENGINE=InnoDB DEFAULT CHARSET=utf8mb4;

--
-- Dumping data for table `etape`
--

INSERT INTO `etape` (`id`, `nom`, `idProduit`, `duree`) VALUES
(12, 'gfdgfg', 14440, 0),
(13, 'gfdgfg', 14441, 0),
(14, 'dfgdg', 14440, 0),
(15, 'dfgdg', 14441, 0),
(16, 'ert', 14442, 40),
(17, 'ertd', 14443, 80),
(18, 'rsa', 14443, 70),
(19, 'et12', 14444, 60),
(20, 'et2', 14444, 80),
(21, 'et3', 14444, 100),
(22, 'v1', 14445, 60),
(23, 'v2', 14445, 50),
(24, 'f1', 14446, 60),
(25, 'f2', 14446, 0),
(26, 'v3', 14445, 20),
(27, 'v4', 14445, 60),
(28, 'vs323', 14447, 50);

-- --------------------------------------------------------

--
-- Table structure for table `etape_agenda`
--

CREATE TABLE `etape_agenda` (
  `id` int(11) NOT NULL,
  `idEtape` int(11) DEFAULT NULL,
  `idAgenda` int(11) DEFAULT NULL
) ENGINE=InnoDB DEFAULT CHARSET=utf8mb4;

--
-- Dumping data for table `etape_agenda`
--

INSERT INTO `etape_agenda` (`id`, `idEtape`, `idAgenda`) VALUES
(3, 19, 2),
(4, 19, 2),
(5, 20, 2),
(6, 20, 2),
(7, 19, 2),
(8, 19, 2),
(9, 20, 2),
(10, 20, 2),
(11, 19, 2),
(12, 20, 2),
(13, 19, 2),
(14, 20, 2),
(15, 19, 2),
(16, 19, 2),
(17, 20, 2),
(43, 22, 1),
(44, 22, 2),
(45, 23, 1),
(46, 23, 2),
(47, 26, 1),
(48, 26, 2),
(49, 27, 1),
(50, 27, 2);

-- --------------------------------------------------------

--
-- Table structure for table `etat`
--

CREATE TABLE `etat` (
  `id` int(11) NOT NULL,
  `designation` varchar(255) NOT NULL
) ENGINE=InnoDB DEFAULT CHARSET=latin1;

--
-- Dumping data for table `etat`
--

INSERT INTO `etat` (`id`, `designation`) VALUES
(1, 'livre'),
(2, 'expidie'),
(3, 'pret a livre'),
(4, 'pas pret');

-- --------------------------------------------------------

--
-- Table structure for table `expediteur`
--

CREATE TABLE `expediteur` (
  `id` int(11) NOT NULL,
  `nom` varchar(50) DEFAULT NULL,
  `tel` varchar(20) DEFAULT NULL,
  `adresse` varchar(255) DEFAULT NULL,
  `contact` varchar(100) DEFAULT NULL,
  `gsm` varchar(20) DEFAULT NULL,
  `ramassage` tinyint(4) DEFAULT NULL
) ENGINE=InnoDB DEFAULT CHARSET=latin1;

--
-- Dumping data for table `expediteur`
--

INSERT INTO `expediteur` (`id`, `nom`, `tel`, `adresse`, `contact`, `gsm`, `ramassage`) VALUES
(1, 'Amana', '0522334587', 'Casaablanca med V', NULL, NULL, NULL),
(2, 'Luxe', '0522273475', 'Casablanca bv ghandi', NULL, NULL, NULL),
(3, 'youness', '0636933585', 'Casablancad rue 10 bv test', NULL, NULL, NULL);

-- --------------------------------------------------------

--
-- Table structure for table `famille`
--

CREATE TABLE `famille` (
  `id` int(11) NOT NULL,
  `code` varchar(100) DEFAULT NULL,
  `intitule` varchar(100) DEFAULT NULL,
  `idsuivistock` int(11) DEFAULT NULL,
  `idtauxtvaAchat` int(11) DEFAULT NULL,
  `idtauxtvaVente` int(11) NOT NULL,
  `idunite` int(11) DEFAULT NULL,
  `idcatalogue` int(11) DEFAULT NULL
) ENGINE=InnoDB DEFAULT CHARSET=utf8;

--
-- Dumping data for table `famille`
--

INSERT INTO `famille` (`id`, `code`, `intitule`, `idsuivistock`, `idtauxtvaAchat`, `idtauxtvaVente`, `idunite`, `idcatalogue`) VALUES
(2, 'tes', 'test', 2, 6, 1, 1, 0),
(3, 'IMPRIMANTE', 'IMPRIMANTE', 1, 6, 1, 1, 0),
(4, 'MAT', 'MATERIEL', 1, 6, 1, 1, 0),
(5, 'PAPIERA4', 'PAPIER A4', 1, 6, 1, 1, 0),
(6, 'SERVICE', 'SERVICE', 3, 6, 1, 1, 0),
(7, 'SCANNER', 'SCANNER', 1, 6, 1, 1, 0),
(8, 'TONECOMPAT', 'TONER COMPATIBLE', 1, 6, 1, 1, 0),
(9, 'TONERORIGI', 'TONER ORIGINAL', 1, 6, 1, 1, 0),
(10, 'TRANSPORT', 'FRAIS DE LIVRAISON', 3, 6, 1, 1, 0);

-- --------------------------------------------------------

--
-- Table structure for table `fichierdoc`
--

CREATE TABLE `fichierdoc` (
  `id` int(11) NOT NULL,
  `iddoc` int(11) DEFAULT NULL,
  `nomdufichier` varchar(100) DEFAULT NULL
) ENGINE=InnoDB DEFAULT CHARSET=utf8;

-- --------------------------------------------------------

--
-- Table structure for table `fonction`
--

CREATE TABLE `fonction` (
  `id` int(11) NOT NULL,
  `intitule` varchar(100) DEFAULT NULL
) ENGINE=InnoDB DEFAULT CHARSET=utf8;

-- --------------------------------------------------------

--
-- Table structure for table `fournisseur`
--

CREATE TABLE `fournisseur` (
  `id` int(11) NOT NULL,
  `codeFournisseur` varchar(255) NOT NULL,
  `nom` varchar(50) NOT NULL,
  `adresse` text NOT NULL,
  `adresse2` text NOT NULL,
  `ville` int(11) NOT NULL,
  `tele` varchar(15) NOT NULL,
  `fax` varchar(100) NOT NULL,
  `email` varchar(100) NOT NULL,
  `ice` varchar(13) NOT NULL,
  `i_f` varchar(13) NOT NULL,
  `active` tinyint(1) NOT NULL
) ENGINE=InnoDB DEFAULT CHARSET=utf8;

--
-- Dumping data for table `fournisseur`
--

INSERT INTO `fournisseur` (`id`, `codeFournisseur`, `nom`, `adresse`, `adresse2`, `ville`, `tele`, `fax`, `email`, `ice`, `i_f`, `active`) VALUES
(1, 's', 's', '', '', 2, '', '', '', '', '', 1),
(4, 'hj', 'h', '', '', 5, '', '', '', '', '', 1);

-- --------------------------------------------------------

--
-- Table structure for table `images_article`
--

CREATE TABLE `images_article` (
  `id` int(11) NOT NULL,
  `id_article` int(11) NOT NULL,
  `img` varchar(255) NOT NULL
) ENGINE=InnoDB DEFAULT CHARSET=utf8;

--
-- Dumping data for table `images_article`
--

INSERT INTO `images_article` (`id`, `id_article`, `img`) VALUES
(1, 14448, '1_14448.png'),
(2, 14448, '2_14448.jpg');

-- --------------------------------------------------------

--
-- Table structure for table `ligne_res`
--

CREATE TABLE `ligne_res` (
  `id` int(11) NOT NULL,
  `idRes` int(11) DEFAULT NULL,
  `idPrest` int(11) DEFAULT NULL
) ENGINE=InnoDB DEFAULT CHARSET=utf8mb4;

--
-- Dumping data for table `ligne_res`
--

INSERT INTO `ligne_res` (`id`, `idRes`, `idPrest`) VALUES
(1, 9, 14426),
(2, 9, 14445),
(3, 10, 14445),
(4, 10, 14426),
(5, 11, 14445),
(6, 11, 14426);

-- --------------------------------------------------------

--
-- Table structure for table `menu`
--

CREATE TABLE `menu` (
  `id` int(11) NOT NULL,
  `intitule` varchar(100) DEFAULT NULL,
  `id_parent` int(11) DEFAULT NULL,
  `url` text NOT NULL,
  `icon` varchar(50) NOT NULL,
  `position` int(11) DEFAULT NULL
) ENGINE=InnoDB DEFAULT CHARSET=utf8;

--
-- Dumping data for table `menu`
--

INSERT INTO `menu` (`id`, `intitule`, `id_parent`, `url`, `icon`, `position`) VALUES
(1, 'Administration', 0, '', 'mdi mdi-key', 11),
(2, 'Utilisateurs', 1, 'utilisateurs.php', '', 1),
(3, 'Societe', 1, 'societe.php', '', 2),
(4, 'profil', 1, 'profil.php', '', 3),
(10, 'Structure', 0, '', 'mdi mdi-brightness-7', 10),
(11, 'Famille Article', 10, 'famille.php', '', 1),
(12, 'Mode de Paiement', 10, 'mode_paiement.php', '', 2),
(15, 'Taux TVA', 10, 'p_tauxtva.php', '', 10),
(16, 'Collaborateurs', 10, 'collaborateur.php', '', 4),
(17, 'Affaires', 10, 'affaire.php', '', 5),
(18, 'Etat', 0, '', 'mdi mdi-file-document', 9),
(19, 'Invetaire', 18, 'invetaire.php', '', 1),
(20, 'Balance Clients', 18, 'balance_clients.php', '', 2),
(21, 'Balance Fournisseurs', 18, 'balance_fournisseurs.php', '', 3),
(22, 'C.A par Client', 18, 'C.A_Client.php', '', 4),
(23, 'C.A par Article', 18, 'C.A_Article.php', '', 5),
(24, 'C.A par Affaire', 18, 'C.A_Affaire.php', '', 6),
(25, 'C.A par Famille', 18, '#', '', 7),
(26, 'C.A par Priode', 18, '#', '', 8),
(27, 'Reglements', 0, '', 'mdi mdi-bank', 8),
(28, 'Reglements Clients', 27, 'paiement_facture_client.php', '', 1),
(29, 'Reglements Fournisseurs', 27, 'paiement_facture_fournisseur.php', '', 2),
(30, 'Suivi cheques Clients', 27, 'suivi_cheque_client.php', '', 3),
(31, 'Suivi cheques Fournisseurs', 27, 'suivi_cheque_fournisseur.php', '', 4),
(32, 'Article', 0, 'article.php', 'mdi mdi-barcode-scan', 7),
(33, 'CRM', 0, '', 'mdi mdi-contacts', 6),
(34, 'Clients', 33, 'clients.php', '', 1),
(35, 'Fournisseurs', 33, 'fournisseurs.php', '', 2),
(36, 'Suivi Livraison', 0, 'suivilivraison.php', 'mdi mdi-truck', 5),
(37, 'Stock', 0, '', 'mdi mdi-bullseye', 4),
(38, 'Mouvement entree', 37, 'mouvement_entree.php', '', 1),
(39, 'Mouvement de sortie', 37, 'mouvement_sortie.php', '', 2),
(40, 'Achat', 0, '', 'mdi mdi-cart-plus', 3),
(41, 'Documents Encours', 40, 'list_documents_achats.php', '', 1),
(42, 'Bons de commande', 40, 'bon_commande_achat.php', '', 2),
(43, 'Bons de reception', 40, 'bon_reception.php', '', 3),
(44, 'Bons de retour', 40, 'bon_retour_achat.php', '', 4),
(45, 'Factures', 40, 'facture_achat.php', '', 5),
(46, 'bons avoir financier', 40, 'bon_avoir_financier_achat.php', '', 6),
(47, 'Avoir retour', 40, 'facture_avoir_retour_achat.php', '', 7),
(48, 'Avoirs', 40, 'avoir_achat.php', '', 8),
(49, 'Vente', 0, '', 'mdi mdi-cart-outline', 2),
(50, 'Documents Encours', 49, 'list_documents_ventes.php', '', 1),
(51, 'Devis', 49, 'devis_vente.php', '', 2),
(52, 'Devis rejte', 49, 'devis_vente_rejete.php', '', 3),
(53, 'Bons de commande', 49, 'bon_commande_vente.php', '', 4),
(54, 'Bons de livraison', 49, 'bon_livraison.php', '', 5),
(55, 'Bons de retour', 49, 'bon_retour_vente.php', '', 6),
(56, 'Factures', 49, 'facture_vente.php', '', 7),
(57, 'bons avoir financier', 49, 'bon_avoir_financier_vente.php', '', 8),
(58, 'Avoir retour', 49, 'facture_avoir_retour_vente.php', '', 9),
(59, 'Avoirs', 49, 'avoir_vente.php', '', 10),
(60, 'Prespect', 33, 'prospects.php', '', 3),
(61, 'Prospect Tl', 33, 'prospect_tele.php', '', 4),
(62, 'Planing Rdv', 33, 'planing_rdv.php', '', 5),
(63, 'Service', 10, 'services.php', '', 6),
(64, 'Fonction', 10, 'fonctions.php', '', 7),
(65, 'Suivi Rdv', 33, 'suivi_rdv.php', '', 6),
(66, 'C.A par mois', 18, 'C.A_mois.php', '', 9),
(67, 'statistique devis', 18, 'statistique_devis.php', '', 10),
(68, 'Tableau de board', 0, 'index.php', 'mdi mdi-gauge', 1),
(69, 'Depots', 10, 'depots.php', '', 8),
(70, 'Mouvement de transform', 37, 'mouvement_transform.php', '', 3),
(71, 'Expediteurs', 10, 'expediteurs.php', '', 9),
(72, 'Catalogue', 10, 'catalogue.php', '', 2);

-- --------------------------------------------------------

--
-- Table structure for table `menuprofil`
--

CREATE TABLE `menuprofil` (
  `id` int(11) NOT NULL,
  `id_menu` int(11) DEFAULT NULL,
  `id_profil` int(11) DEFAULT NULL,
  `consultation` tinyint(1) DEFAULT NULL,
  `ajout` tinyint(1) DEFAULT NULL,
  `modification` tinyint(1) DEFAULT NULL,
  `suppression` tinyint(1) DEFAULT NULL
) ENGINE=InnoDB DEFAULT CHARSET=utf8;

--
-- Dumping data for table `menuprofil`
--

INSERT INTO `menuprofil` (`id`, `id_menu`, `id_profil`, `consultation`, `ajout`, `modification`, `suppression`) VALUES
(1, 1, 1, 1, 1, 1, 1),
(3, 2, 1, 1, 1, 1, 1),
(4, 3, 1, 1, 1, 1, 1),
(5, 4, 1, 1, 1, 1, 1),
(6, 10, 1, 1, 1, 1, 1),
(7, 11, 1, 1, 1, 1, 1),
(8, 12, 1, 1, 1, 1, 1),
(9, 15, 1, 1, 1, 1, 1),
(10, 16, 1, 1, 1, 1, 1),
(11, 17, 1, 1, 1, 1, 1),
(12, 18, 1, 1, 1, 1, 1),
(13, 19, 1, 1, 1, 1, 1),
(14, 20, 1, 1, 1, 1, 1),
(15, 21, 1, 1, 1, 1, 1),
(16, 22, 1, 1, 1, 1, 1),
(17, 23, 1, 1, 1, 1, 1),
(18, 24, 1, 1, 1, 1, 1),
(19, 25, 1, 1, 1, 1, 1),
(20, 26, 1, 1, 1, 1, 1),
(21, 27, 1, 1, 1, 1, 1),
(22, 28, 1, 1, 1, 1, 1),
(23, 29, 1, 1, 1, 1, 1),
(24, 30, 1, 1, 1, 1, 1),
(25, 31, 1, 1, 1, 1, 1),
(26, 32, 1, 1, 1, 1, 1),
(27, 33, 1, 1, 1, 1, 1),
(28, 34, 1, 1, 1, 1, 1),
(29, 35, 1, 1, 1, 1, 1),
(30, 36, 1, 1, 1, 1, 1),
(31, 37, 1, 1, 1, 1, 1),
(32, 38, 1, 1, 1, 1, 1),
(33, 39, 1, 1, 1, 1, 1),
(34, 40, 1, 1, 1, 1, 1),
(35, 41, 1, 1, 1, 1, 1),
(36, 42, 1, 1, 1, 1, 1),
(37, 43, 1, 1, 1, 1, 1),
(38, 44, 1, 1, 1, 1, 1),
(39, 45, 1, 1, 1, 1, 1),
(40, 46, 1, 1, 1, 1, 1),
(41, 47, 1, 1, 1, 1, 1),
(42, 48, 1, 1, 1, 1, 1),
(43, 49, 1, 1, 1, 1, 1),
(44, 50, 1, 1, 1, 1, 1),
(45, 51, 1, 1, 1, 1, 1),
(46, 52, 1, 1, 1, 1, 1),
(47, 53, 1, 1, 1, 1, 1),
(48, 54, 1, 1, 1, 1, 1),
(49, 55, 1, 1, 1, 1, 1),
(50, 56, 1, 1, 1, 1, 1),
(51, 57, 1, 1, 1, 1, 1),
(52, 58, 1, 1, 1, 1, 1),
(53, 59, 1, 1, 1, 1, 1),
(54, 60, 1, 1, 1, 1, 1),
(55, 61, 1, 1, 1, 1, 1),
(56, 62, 1, 1, 1, 1, 1),
(57, 63, 1, 1, 1, 1, 1),
(58, 64, 1, 1, 1, 1, 1),
(59, 65, 1, 1, 1, 1, 1),
(60, 66, 1, 1, 1, 1, 1),
(61, 67, 1, 1, 1, 1, 1),
(62, 68, 1, 1, 1, 1, 1),
(63, 69, 1, 1, 1, 1, 1),
(64, 70, 1, 1, 1, 1, 1),
(65, 71, 1, 1, 1, 1, 1),
(66, 72, 1, 1, 1, 1, 1),
(67, 83, 1, 1, 1, 1, 1),
(68, 84, 1, 1, 1, 1, 1),
(69, 85, 1, 1, 1, 1, 1),
(70, 90, 1, 1, 1, 1, 1),
(71, 91, 1, 1, 1, 1, 1);

-- --------------------------------------------------------

--
-- Table structure for table `menu_caisse_profil`
--

CREATE TABLE `menu_caisse_profil` (
  `id` int(11) NOT NULL,
  `id_menu` int(11) DEFAULT NULL,
  `id_profil` int(11) DEFAULT NULL,
  `consultation` tinyint(1) DEFAULT NULL,
  `ajout` tinyint(1) DEFAULT NULL,
  `modification` tinyint(1) DEFAULT NULL,
  `suppression` tinyint(1) DEFAULT NULL
) ENGINE=InnoDB DEFAULT CHARSET=utf8;

--
-- Dumping data for table `menu_caisse_profil`
--

INSERT INTO `menu_caisse_profil` (`id`, `id_menu`, `id_profil`, `consultation`, `ajout`, `modification`, `suppression`) VALUES
(1, 1, 1, 1, 1, 1, 1),
(2, 6, 1, 1, 1, 1, 1),
(3, 7, 1, 1, 1, 1, 1),
(4, 8, 1, 1, 1, 1, 1),
(5, 9, 1, 1, 1, 1, 1),
(6, 10, 1, 1, 1, 1, 1),
(7, 11, 1, 1, 1, 1, 1);

-- --------------------------------------------------------

--
-- Table structure for table `methode_paiement`
--

CREATE TABLE `methode_paiement` (
  `id` int(11) NOT NULL,
  `intitule` varchar(50) DEFAULT NULL,
  `icon` text DEFAULT NULL,
  `active` tinyint(1) NOT NULL DEFAULT 1
) ENGINE=InnoDB DEFAULT CHARSET=utf8;

--
-- Dumping data for table `methode_paiement`
--

INSERT INTO `methode_paiement` (`id`, `intitule`, `icon`, `active`) VALUES
(1, 'Carte Bancaire', '', 1),
(2, 'espace', '2.png', 1),
(3, 'Chque', '', 1),
(4, 'effet', '', 1),
(5, 'invitation', '15.png', 1),
(6, 'maison', '14.png', 1),
(7, 'ticket restaurant', '', 1),
(8, 'compte client', '7.png', 1),
(9, 'Ticket retour', NULL, 1);

-- --------------------------------------------------------

--
-- Table structure for table `mouvementcaisse`
--

CREATE TABLE `mouvementcaisse` (
  `id` int(11) NOT NULL,
  `idutilisateur` int(11) DEFAULT NULL,
  `id_caisse` int(11) DEFAULT NULL,
  `montant` float DEFAULT NULL,
  `dateetheur` datetime DEFAULT current_timestamp(),
  `retrait` tinyint(1) DEFAULT 1,
  `depot` tinyint(1) DEFAULT 0,
  `encaissement` tinyint(4) DEFAULT 0,
  `commentaire` text DEFAULT NULL
) ENGINE=InnoDB DEFAULT CHARSET=utf8mb4;

-- --------------------------------------------------------

--
-- Table structure for table `paiement_caisse`
--

CREATE TABLE `paiement_caisse` (
  `id` int(11) NOT NULL,
  `id_paiement` int(11) DEFAULT NULL,
  `id_doc` int(11) DEFAULT NULL,
  `montant` float DEFAULT NULL,
  `montant_rendu` float NOT NULL DEFAULT 0,
  `cloture` tinyint(4) DEFAULT 0,
  `date_cloture` datetime DEFAULT NULL,
  `Num_ticket_rt` varchar(15) DEFAULT NULL
) ENGINE=InnoDB DEFAULT CHARSET=utf8;

--
-- Dumping data for table `paiement_caisse`
--

INSERT INTO `paiement_caisse` (`id`, `id_paiement`, `id_doc`, `montant`, `montant_rendu`, `cloture`, `date_cloture`, `Num_ticket_rt`) VALUES
(1, 1, 46, 800, 0, 0, NULL, ''),
(2, 2, 46, 346, 154, 0, NULL, '');

-- --------------------------------------------------------

--
-- Table structure for table `paiement_facture`
--

CREATE TABLE `paiement_facture` (
  `id` int(11) NOT NULL,
  `id_paiement` int(11) DEFAULT NULL,
  `id_doc` int(11) DEFAULT NULL,
  `montant` float DEFAULT NULL
) ENGINE=InnoDB DEFAULT CHARSET=utf8;

-- --------------------------------------------------------

--
-- Table structure for table `paiement_tier`
--

CREATE TABLE `paiement_tier` (
  `id` int(11) NOT NULL,
  `montant` float DEFAULT NULL,
  `date_reg` datetime DEFAULT NULL,
  `id_method` int(11) DEFAULT NULL,
  `ref` varchar(100) DEFAULT NULL,
  `id_tier` int(11) NOT NULL,
  `flag` tinyint(1) NOT NULL,
  `dateremise` date NOT NULL
) ENGINE=InnoDB DEFAULT CHARSET=utf8;

--
-- Dumping data for table `paiement_tier`
--

INSERT INTO `paiement_tier` (`id`, `montant`, `date_reg`, `id_method`, `ref`, `id_tier`, `flag`, `dateremise`) VALUES
(1, 800, '2023-04-26 12:14:18', 2, '', 1, 1, '2023-04-26'),
(2, 346, '2023-04-26 12:14:29', 2, '', 1, 1, '2023-04-26');

-- --------------------------------------------------------

--
-- Table structure for table `periode`
--

CREATE TABLE `periode` (
  `id` int(11) NOT NULL,
  `idAgenda` int(11) DEFAULT NULL,
  `Lundi` tinyint(1) DEFAULT 0,
  `Mardi` tinyint(1) DEFAULT 0,
  `Mercredi` tinyint(1) DEFAULT 0,
  `Jeudi` tinyint(1) DEFAULT 0,
  `Vendredi` tinyint(1) DEFAULT 0,
  `Samedi` tinyint(1) DEFAULT 0,
  `Dimanche` tinyint(1) DEFAULT 0,
  `heurDB` time DEFAULT NULL,
  `heurFin` time DEFAULT NULL
) ENGINE=InnoDB DEFAULT CHARSET=utf8mb4;

--
-- Dumping data for table `periode`
--

INSERT INTO `periode` (`id`, `idAgenda`, `Lundi`, `Mardi`, `Mercredi`, `Jeudi`, `Vendredi`, `Samedi`, `Dimanche`, `heurDB`, `heurFin`) VALUES
(1, 2, 0, 1, 0, 0, 0, 0, 0, '11:35:39', '12:35:39');

-- --------------------------------------------------------

--
-- Table structure for table `profil`
--

CREATE TABLE `profil` (
  `id` int(11) NOT NULL,
  `intitule` varchar(100) DEFAULT NULL
) ENGINE=InnoDB DEFAULT CHARSET=utf8;

--
-- Dumping data for table `profil`
--

INSERT INTO `profil` (`id`, `intitule`) VALUES
(1, 'admin');

-- --------------------------------------------------------

--
-- Table structure for table `prospect`
--

CREATE TABLE `prospect` (
  `id` int(11) NOT NULL,
  `codeprospect` varchar(255) NOT NULL,
  `nom` varchar(100) NOT NULL,
  `adresse` text NOT NULL,
  `adresse2` varchar(255) NOT NULL,
  `ville` varchar(4) NOT NULL,
  `tele` varchar(15) NOT NULL,
  `fax` text NOT NULL,
  `email` varchar(100) NOT NULL,
  `ice` varchar(13) NOT NULL,
  `i_f` varchar(13) NOT NULL,
  `map_x` varchar(255) NOT NULL,
  `map_y` varchar(255) NOT NULL,
  `geolocalisation` text DEFAULT NULL,
  `active` tinyint(1) NOT NULL,
  `idCollab` int(11) NOT NULL,
  `idUser` int(11) NOT NULL,
  `encoureBl` float NOT NULL,
  `encoureFct` float NOT NULL,
  `zone` varchar(100) NOT NULL,
  `archive` tinyint(4) NOT NULL,
  `appeler` tinyint(4) NOT NULL
) ENGINE=InnoDB DEFAULT CHARSET=utf8;

--
-- Dumping data for table `prospect`
--

INSERT INTO `prospect` (`id`, `codeprospect`, `nom`, `adresse`, `adresse2`, `ville`, `tele`, `fax`, `email`, `ice`, `i_f`, `map_x`, `map_y`, `geolocalisation`, `active`, `idCollab`, `idUser`, `encoureBl`, `encoureFct`, `zone`, `archive`, `appeler`) VALUES
(2, 'test', 'test', '', '', '', '', '', 'mehdigr90@gmail.com', '', '', '', '', '', 1, 0, 1, 0, 0, '', 0, 1),
(3, 'RYSASOFT', 'RYSASOFT', '71, Rue des ecole Bd Ghandi , Burger, Maarif', '', '87', '', '', 'n.adil@rysasoft.ma', '', '', '', '', '', 1, 0, 1, 0, 0, '', 0, 0),
(4, 'Build', 'BUILD TRAVEAUX', '', '', '87', '', '', '', '', '', '', '', '', 1, 0, 1, 0, 0, '', 1, 0),
(5, 'pros', 'pros', '', '', '', '', '', '', '', '', '', '', '', 1, 0, 1, 0, 0, '', 1, 0),
(6, 'ss', 'ss', '', '', '', '', '', '', '', '', '', '', '', 1, 0, 1, 0, 0, '', 1, 0),
(7, 'ee', 'ee', '', '', '', '', '', '', '', '', '', '', '', 1, 0, 1, 0, 0, '', 0, 0),
(8, 'prosp', 'prsp', '', '', '', '', '', '', '', '', '', '', '', 1, 0, 1, 0, 0, '', 0, 0);

-- --------------------------------------------------------

--
-- Table structure for table `prospect_tele`
--

CREATE TABLE `prospect_tele` (
  `id` int(11) NOT NULL,
  `id_prospect` int(11) DEFAULT NULL,
  `type_clt` int(11) DEFAULT NULL,
  `date` date DEFAULT NULL,
  `heure` time DEFAULT NULL,
  `commentaire` text DEFAULT NULL,
  `statu` int(11) DEFAULT NULL,
  `id_rdv` int(11) DEFAULT NULL
) ENGINE=InnoDB DEFAULT CHARSET=utf8;

-- --------------------------------------------------------

--
-- Table structure for table `p_domaine`
--

CREATE TABLE `p_domaine` (
  `id` int(11) NOT NULL,
  `intitule` varchar(50) DEFAULT NULL
) ENGINE=InnoDB DEFAULT CHARSET=utf8;

--
-- Dumping data for table `p_domaine`
--

INSERT INTO `p_domaine` (`id`, `intitule`) VALUES
(1, 'Vente'),
(2, 'Achat'),
(3, 'Stock');

-- --------------------------------------------------------

--
-- Table structure for table `p_suivistock`
--

CREATE TABLE `p_suivistock` (
  `id` int(11) NOT NULL,
  `code` varchar(100) DEFAULT NULL,
  `intitule` varchar(100) DEFAULT NULL
) ENGINE=InnoDB DEFAULT CHARSET=utf8;

--
-- Dumping data for table `p_suivistock`
--

INSERT INTO `p_suivistock` (`id`, `code`, `intitule`) VALUES
(1, 'cmp', 'CMUP'),
(2, 'nsv', 'non suivi'),
(3, 'svc', 'service');

-- --------------------------------------------------------

--
-- Table structure for table `p_tauxtva`
--

CREATE TABLE `p_tauxtva` (
  `id` int(11) NOT NULL,
  `code` varchar(100) DEFAULT NULL,
  `intitule` varchar(100) DEFAULT NULL,
  `valeur` decimal(10,0) NOT NULL,
  `Deduction` tinyint(1) NOT NULL
) ENGINE=InnoDB DEFAULT CHARSET=utf8;

--
-- Dumping data for table `p_tauxtva`
--

INSERT INTO `p_tauxtva` (`id`, `code`, `intitule`, `valeur`, `Deduction`) VALUES
(1, 'V20', 'TVA 20%', '20', 0),
(6, 'A20', 'TVA 20%', '20', 1);

-- --------------------------------------------------------

--
-- Table structure for table `p_typedoc`
--

CREATE TABLE `p_typedoc` (
  `id` int(11) NOT NULL,
  `intitule` varchar(100) DEFAULT NULL,
  `iddomaine` int(11) DEFAULT NULL
) ENGINE=InnoDB DEFAULT CHARSET=utf8;

--
-- Dumping data for table `p_typedoc`
--

INSERT INTO `p_typedoc` (`id`, `intitule`, `iddomaine`) VALUES
(0, 'Devis Rejte', 1),
(1, 'Devis', 1),
(2, 'Bon de commande vente', 1),
(3, 'Prparation de livraison', 1),
(4, 'Bon de livraison vente', 1),
(5, 'Bon de retour de vente', 1),
(6, 'Bon d\'avoir financier de vente', 1),
(7, 'Facture de vente', 1),
(8, 'Facture d\'avoir de vente', 1),
(9, 'Facture de retour de vente', 1),
(10, 'Prparation de commande', 2),
(11, 'Bon de commande d\'achat', 2),
(12, 'Bon de rception achat', 2),
(13, 'Bon de retour d\'achat', 2),
(14, 'Bon d\'avoir financier d\'achat', 2),
(15, 'Facture d\'achat', 2),
(16, 'Facture d\'avoir d\'achat', 2),
(17, 'Facture de retour d\'achat', 2),
(18, 'Mouvement d\'entre', 3),
(19, 'Mouvement de sortie', 3),
(20, 'Mouvement de transform', 3),
(21, 'Ticket', NULL),
(22, 'Ticket retour', NULL);

-- --------------------------------------------------------

--
-- Table structure for table `p_unite`
--

CREATE TABLE `p_unite` (
  `id` int(11) NOT NULL,
  `code` varchar(100) DEFAULT NULL,
  `intitule` varchar(100) DEFAULT NULL
) ENGINE=InnoDB DEFAULT CHARSET=utf8;

--
-- Dumping data for table `p_unite`
--

INSERT INTO `p_unite` (`id`, `code`, `intitule`) VALUES
(1, '89', 'Kilogramme(kg)'),
(2, '19', 'Gramme(g)'),
(3, 'UNITE', 'UNITE'),
(4, 'PIECE', 'PIECE');

-- --------------------------------------------------------

--
-- Table structure for table `rdv`
--

CREATE TABLE `rdv` (
  `id` int(11) NOT NULL,
  `date_debut` date DEFAULT NULL,
  `date_fin` date DEFAULT NULL,
  `lieu` varchar(200) DEFAULT NULL,
  `avecqui` int(11) DEFAULT NULL,
  `pv` text DEFAULT NULL,
  `type_clt` int(11) DEFAULT NULL,
  `id_prospect` int(11) NOT NULL,
  `heure_debut` time DEFAULT NULL,
  `heure_fin` time DEFAULT NULL,
  `statut_rdv` int(11) DEFAULT 5,
  `periode` varchar(30) DEFAULT NULL
) ENGINE=InnoDB DEFAULT CHARSET=utf8;

-- --------------------------------------------------------

--
-- Table structure for table `reservat`
--

CREATE TABLE `reservat` (
  `id` int(11) NOT NULL,
  `idClient` int(11) DEFAULT NULL,
  `dateRes` date DEFAULT NULL,
  `heurDB` time DEFAULT NULL,
  `duree` int(11) DEFAULT NULL,
  `note` text DEFAULT NULL
) ENGINE=InnoDB DEFAULT CHARSET=utf8mb4;

--
-- Dumping data for table `reservat`
--

INSERT INTO `reservat` (`id`, `idClient`, `dateRes`, `heurDB`, `duree`, `note`) VALUES
(3, 22, '2023-09-06', '00:00:00', NULL, NULL),
(4, 22, '2023-09-06', '01:02:00', NULL, NULL),
(5, 22, '2023-09-06', '01:02:00', NULL, NULL),
(6, 22, '2023-09-06', '01:02:00', NULL, NULL),
(7, 22, '2023-09-06', '01:02:00', NULL, NULL),
(8, 22, '2023-09-06', '01:02:00', NULL, NULL),
(9, 22, '2023-09-06', '01:02:00', NULL, NULL),
(10, 22, '2023-09-06', '01:02:00', NULL, NULL),
(11, 22, '2023-09-06', '01:02:00', NULL, 'sssssssqqsqsdq');

-- --------------------------------------------------------

--
-- Table structure for table `service`
--

CREATE TABLE `service` (
  `id` int(11) NOT NULL,
  `intitule` varchar(100) DEFAULT NULL
) ENGINE=InnoDB DEFAULT CHARSET=utf8;

-- --------------------------------------------------------

--
-- Table structure for table `societe`
--

CREATE TABLE `societe` (
  `id` int(11) NOT NULL,
  `raison` varchar(100) DEFAULT NULL,
  `adresse` text DEFAULT NULL,
  `adresse2` varchar(255) NOT NULL,
  `logo` varchar(255) DEFAULT NULL,
  `i_f` varchar(20) DEFAULT NULL,
  `i_s` varchar(20) DEFAULT NULL,
  `r_c` varchar(20) DEFAULT NULL,
  `cnss` varchar(20) DEFAULT NULL,
  `patente` varchar(20) DEFAULT NULL,
  `tele1` varchar(15) DEFAULT NULL,
  `tele2` varchar(15) DEFAULT NULL,
  `tele3` varchar(15) DEFAULT NULL,
  `fax` text DEFAULT NULL,
  `pied` text DEFAULT NULL,
  `ville` varchar(100) DEFAULT NULL,
  `SMTP` varchar(255) DEFAULT NULL,
  `login` varchar(100) DEFAULT NULL,
  `password` varchar(100) DEFAULT NULL,
  `port` int(11) DEFAULT NULL
) ENGINE=InnoDB DEFAULT CHARSET=utf8;

--
-- Dumping data for table `societe`
--

INSERT INTO `societe` (`id`, `raison`, `adresse`, `adresse2`, `logo`, `i_f`, `i_s`, `r_c`, `cnss`, `patente`, `tele1`, `tele2`, `tele3`, `fax`, `pied`, `ville`, `SMTP`, `login`, `password`, `port`) VALUES
(1, 'DISUP', '71, 2eme tage RUE des coles quarier burger casablanca', '', 'logo.jpg', '42770452', '002424675000045', '457549', '1935289', '34259151', '0522235772', '', '', '0522235772', 'RC: 457549 IF: 42770452 ICE: 002424675000045 CNSS: 1935289 PATENT: 34259151 RIB 190 780 21211 3147608 000 0 07 - BANQUE POPULAIRE TARIK AL JADIDA - CASABLANCA', 'CASABLANCA - Maarif', 'mail.gerer.ma', 'test@gerer.ma', 'azerty12##', 465),
(2, NULL, '', '', 'logo.php', '', '', '', '', '', '', '', '', '', '', '', NULL, NULL, NULL, 0);

-- --------------------------------------------------------

--
-- Table structure for table `status`
--

CREATE TABLE `status` (
  `id` int(11) NOT NULL,
  `intitule` varchar(100) DEFAULT NULL
) ENGINE=InnoDB DEFAULT CHARSET=utf8;

--
-- Dumping data for table `status`
--

INSERT INTO `status` (`id`, `intitule`) VALUES
(1, 'Rdv'),
(2, 'Non interess'),
(3, 'interess'),
(4, ' rappeler'),
(5, 'Devis'),
(6, 'commande'),
(7, 'Faux N');

-- --------------------------------------------------------

--
-- Table structure for table `statutdoc`
--

CREATE TABLE `statutdoc` (
  `id` int(11) NOT NULL,
  `intutule` varchar(100) DEFAULT NULL
) ENGINE=InnoDB DEFAULT CHARSET=utf8;

-- --------------------------------------------------------

--
-- Table structure for table `statutrdv`
--

CREATE TABLE `statutrdv` (
  `id` int(11) NOT NULL,
  `intitule` varchar(50) DEFAULT NULL
) ENGINE=InnoDB DEFAULT CHARSET=utf8;

--
-- Dumping data for table `statutrdv`
--

INSERT INTO `statutrdv` (`id`, `intitule`) VALUES
(1, 'annule'),
(2, 'confirme'),
(3, 'reporte'),
(4, 'termine'),
(5, 'saisi');

-- --------------------------------------------------------

--
-- Table structure for table `suivilivraison`
--

CREATE TABLE `suivilivraison` (
  `id` int(11) NOT NULL,
  `num_bl` varchar(50) DEFAULT NULL,
  `num_fct` varchar(50) DEFAULT NULL,
  `adresse_liv` varchar(50) DEFAULT NULL,
  `expediteur` int(11) DEFAULT NULL,
  `date_expedition` date DEFAULT NULL,
  `date_prevu_livraison` date DEFAULT NULL,
  `date_livraison` date DEFAULT NULL,
  `etat` int(11) DEFAULT NULL,
  `annuler` tinyint(4) DEFAULT 0
) ENGINE=InnoDB DEFAULT CHARSET=latin1;

-- --------------------------------------------------------

--
-- Table structure for table `tbl_excel`
--

CREATE TABLE `tbl_excel` (
  `id` int(11) NOT NULL,
  `excel_name` text NOT NULL,
  `excel_email` text NOT NULL
) ENGINE=InnoDB DEFAULT CHARSET=utf8;

-- --------------------------------------------------------

--
-- Table structure for table `type_article`
--

CREATE TABLE `type_article` (
  `id` int(11) NOT NULL,
  `intitule` varchar(100) NOT NULL
) ENGINE=InnoDB DEFAULT CHARSET=utf8;

--
-- Dumping data for table `type_article`
--

INSERT INTO `type_article` (`id`, `intitule`) VALUES
(1, 'CMUP'),
(2, 'non suivi'),
(3, 'prestation');

-- --------------------------------------------------------

--
-- Table structure for table `utilisateur`
--

CREATE TABLE `utilisateur` (
  `idUtl` int(11) NOT NULL,
  `id_profil` int(11) NOT NULL,
  `nom` varchar(50) NOT NULL,
  `prenom` varchar(50) NOT NULL,
  `login` varchar(100) NOT NULL,
  `password` varchar(200) NOT NULL,
  `remember_token` varchar(255) DEFAULT NULL,
  `img_utl` varchar(255) DEFAULT NULL,
  `sup_adm` tinyint(4) NOT NULL DEFAULT 0,
  `ert` tinyint(1) NOT NULL DEFAULT 1,
  `caisse` tinyint(1) NOT NULL DEFAULT 0
) ENGINE=InnoDB DEFAULT CHARSET=utf8;

--
-- Dumping data for table `utilisateur`
--

INSERT INTO `utilisateur` (`idUtl`, `id_profil`, `nom`, `prenom`, `login`, `password`, `remember_token`, `img_utl`, `sup_adm`, `ert`, `caisse`) VALUES
(1, 1, 'admin', 'admin', 'admin@mail.com', '$2y$12$vP5dW1JrimYHdbbaHhy.cexEkaLNMObSCVVURYPiX0G8.8x.L4MyC', 'v^TGL0l41F2Aq8)n!U@txs=cHIQmDjM6W53yXVS&?NCzuOo*', '', 1, 1, 1),
(2, 1, '.', 'Soukaina', 'sokaina', '$2y$12$c49qLBlSyjQ0ExHhMj1sv./ES531Pdo9uMHdBD4n4IWaEHY0uGWBy', NULL, NULL, 0, 1, 1);

-- --------------------------------------------------------

--
-- Table structure for table `utilisateurpv`
--

CREATE TABLE `utilisateurpv` (
  `id` int(11) NOT NULL,
  `id_user` int(11) DEFAULT NULL,
  `id_caisse` int(11) DEFAULT NULL,
  `default_value` tinyint(1) DEFAULT 0
) ENGINE=InnoDB DEFAULT CHARSET=utf8mb4;

--
-- Dumping data for table `utilisateurpv`
--

INSERT INTO `utilisateurpv` (`id`, `id_user`, `id_caisse`, `default_value`) VALUES
(1, 1, 1, 1);

-- --------------------------------------------------------

--
-- Table structure for table `ville`
--

CREATE TABLE `ville` (
  `idville` int(11) NOT NULL,
  `nom` varchar(255) DEFAULT NULL,
  `mapx_v` int(11) DEFAULT NULL,
  `mapy_v` int(11) DEFAULT NULL
) ENGINE=InnoDB DEFAULT CHARSET=utf8;

--
-- Dumping data for table `ville`
--

INSERT INTO `ville` (`idville`, `nom`, `mapx_v`, `mapy_v`) VALUES
(1, 'Afourar', 0, 0),
(2, 'Agadir', 0, 0),
(3, 'Agdz', 0, 0),
(4, 'Aghbala', 0, 0),
(5, 'Aghbalou', 0, 0),
(6, 'Agoura', 0, 0),
(7, 'Aguelmous', 0, 0),
(8, 'Ahfir', 0, 0),
(9, 'An Bni Mathar', 0, 0),
(10, 'Ain Cheggag', 0, 0),
(11, 'An Dorij', 0, 0),
(12, 'An El Aouda', 0, 0),
(13, 'An Erreggada', 0, 0),
(14, 'An Harrouda', 0, 0),
(15, 'An Jemaa', 0, 0),
(16, 'An Karma', 0, 0),
(17, 'An Leuh', 0, 0),
(18, 'An Taoujdate', 0, 0),
(19, 'At Baha', 0, 0),
(20, 'At Boubidmane', 0, 0),
(21, 'At Daoud', 0, 0),
(22, 'At Iaaza', 0, 0),
(23, 'At Ishaq', 0, 0),
(24, 'At Melloul', 0, 0),
(25, 'At Ourir', 0, 0),
(26, 'Ajdir', 0, 0),
(28, 'Akka', 0, 0),
(29, 'Aklim', 0, 0),
(30, 'Aknoul', 0, 0),
(31, 'Al Aaroui', 0, 0),
(32, 'Al Hocema', 0, 0),
(33, 'Alnif', 0, 0),
(34, 'Amalou Ighriben', 0, 0),
(35, 'Amizmiz', 0, 0),
(36, 'Aoufous', 0, 0),
(37, 'Aoulouz', 0, 0),
(38, 'Aourir', 0, 0),
(39, 'Arbaoua', 0, 0),
(40, 'Arfoud', 0, 0),
(41, 'Assa', 0, 0),
(42, 'Assahrij', 0, 0),
(43, 'Assilah', 0, 0),
(44, 'Azemmour', 0, 0),
(45, 'Azilal', 0, 0),
(46, 'Azrou', 0, 0),
(47, 'Bab Berred', 0, 0),
(48, 'Bab Taza', 0, 0),
(49, 'Bejaad', 0, 0),
(50, 'Ben Ahmed', 0, 0),
(51, 'Ben Guerir', 0, 0),
(52, 'Ben Slimane', 0, 0),
(53, 'Ben Taeb', 0, 0),
(54, 'Ben Yakhlef', 0, 0),
(55, 'Beni Mellal', 0, 0),
(57, 'Berkane', 0, 0),
(58, 'Berrechid', 0, 0),
(59, 'Bhalil', 0, 0),
(60, 'Biougra', 0, 0),
(61, 'Bni Ansar', 0, 0),
(62, 'Bni Bouayach', 0, 0),
(63, 'Bni Chiker', 0, 0),
(64, 'Bni Drar', 0, 0),
(65, 'Bni Hadifa', 0, 0),
(66, 'Bni Tadjite', 0, 0),
(67, 'Bouanane', 0, 0),
(68, 'Bouarfa', 0, 0),
(69, 'Boudnib', 0, 0),
(70, 'Bouguedra', 0, 0),
(71, 'Bouhdila', 0, 0),
(72, 'Bouizakarne', 0, 0),
(73, 'Boujdour', 0, 0),
(75, 'Boujniba', 0, 0),
(76, 'Boulanouare', 0, 0),
(77, 'Boulemane', 0, 0),
(79, 'Boulemane Dads', 0, 0),
(81, 'Boumia', 0, 0),
(82, 'Bouskoura', 0, 0),
(83, 'Bouznika', 0, 0),
(84, 'Bradia', 0, 0),
(85, 'Brikcha', 0, 0),
(86, 'Bzou', 0, 0),
(87, 'Casablanca', 0, 0),
(89, 'Chefchaouen', 0, 0),
(90, 'Chichaoua', 0, 0),
(91, 'Dakhla', 0, 0),
(93, 'Dar Bni Karrich', 0, 0),
(94, 'Dar Chaoui', 0, 0),
(95, 'Dar El Kebdani', 0, 0),
(96, 'Dar Gueddari', 0, 0),
(97, 'Dar Ould Zidouh', 0, 0),
(98, 'Dchera El Jihadia', 0, 0),
(99, 'Debdou', 0, 0),
(100, 'Demnate', 0, 0),
(101, 'Deroua', 0, 0),
(102, 'Drargua', 0, 0),
(103, 'Driouch', 0, 0),
(104, 'Echemmaia', 0, 0),
(105, 'El Aoun Sidi Mellouk', 0, 0),
(106, 'El Borouj', 0, 0),
(107, 'El Gara', 0, 0),
(108, 'El Hajeb', 0, 0),
(109, 'El Hanchane', 0, 0),
(110, 'El Jadida', 0, 0),
(112, 'El Kbab', 0, 0),
(113, 'El Kelaa des Mgouna', 0, 0),
(114, 'El Kelaa des Sraghna', 0, 0),
(115, 'El Ksiba', 0, 0),
(116, 'El Mansouria', 0, 0),
(117, 'El Marsa', 0, 0),
(118, 'El Menzel', 0, 0),
(119, 'El Ouatia', 0, 0),
(120, 'Erfoud', 0, 0),
(121, 'Errachidia', 0, 0),
(122, 'Er-Rich', 0, 0),
(123, 'Essaouira', 0, 0),
(125, 'Es-Semara', 0, 0),
(126, 'Fam El Hisn', 0, 0),
(127, 'Farkhana', 0, 0),
(128, 'Fs', 0, 0),
(130, 'Figuig', 0, 0),
(131, 'Fnideq', 0, 0),
(132, 'Foum Jamaa', 0, 0),
(133, 'Foum Zguid', 0, 0),
(134, 'Fquih Ben Salah', 0, 0),
(135, 'Ghafsa', 0, 0),
(136, 'Ghmate', 0, 0),
(137, 'Goulmima', 0, 0),
(138, 'Gourrama', 0, 0),
(139, 'Guelmim', 0, 0),
(140, 'Guercif', 0, 0),
(142, 'Gueznaa', 0, 0),
(143, 'Guigou', 0, 0),
(144, 'Guisser', 0, 0),
(145, 'Had Bouhssoussen', 0, 0),
(146, 'Had Kourt', 0, 0),
(147, 'Had Oued Ifrane', 0, 0),
(148, 'Haj Kaddour', 0, 0),
(149, 'Hattane', 0, 0),
(150, 'Houara', 0, 0),
(151, 'Ifrane', 0, 0),
(153, 'Ighoud', 0, 0),
(154, 'Ihddaden', 0, 0),
(155, 'Imintanoute', 0, 0),
(156, 'Imouzzer Kandar', 0, 0),
(157, 'Imouzzer Marmoucha', 0, 0),
(158, 'Imzouren', 0, 0),
(159, 'Inezgane', 0, 0),
(161, 'Irherm', 0, 0),
(162, 'Issaguen', 0, 0),
(163, 'Itzer', 0, 0),
(164, 'Jaadar', 0, 0),
(165, 'Jamaat Shaim', 0, 0),
(166, 'Jebha', 0, 0),
(168, 'Jerada', 0, 0),
(169, 'Jorf', 0, 0),
(170, 'Jorf El Melha', 0, 0),
(171, 'Kalaat M\'Gouna', 0, 0),
(173, 'Karia', 0, 0),
(175, 'Karia Ba Mohamed', 0, 0),
(176, 'Kariat Arekmane', 0, 0),
(177, 'Kasba Tadla', 0, 0),
(178, 'Kassita', 0, 0),
(179, 'Kattara', 0, 0),
(180, 'Kehf Nsour', 0, 0),
(181, 'Knitra', 0, 0),
(182, 'Kerouna', 0, 0),
(183, 'Kerrouchen', 0, 0),
(184, 'Khmis Sahel', 0, 0),
(185, 'Khmisset', 0, 0),
(186, 'Khnichet', 0, 0),
(187, 'Khenifra', 0, 0),
(189, 'Khouribga', 0, 0),
(190, 'Ksar El Kbir', 0, 0),
(191, 'Laakarta', 0, 0),
(192, 'Laounate', 0, 0),
(193, 'Laattaouia', 0, 0),
(194, 'Laayoune', 0, 0),
(195, 'Lagouira', 0, 0),
(196, 'Lahraouyine', 0, 0),
(197, 'Lakhsas', 0, 0),
(198, 'Lakouablia', 0, 0),
(199, 'Lalla Mimouna', 0, 0),
(200, 'Lalla Takarkoust', 0, 0),
(201, 'Larache', 0, 0),
(203, 'Lbir Jdid', 0, 0),
(204, 'Loualidia', 0, 0),
(205, 'Loulad', 0, 0),
(206, 'Lqliaa', 0, 0),
(207, 'Maaziz', 0, 0),
(208, 'Madagh', 0, 0),
(209, 'Marrakech', 0, 0),
(211, 'Martil', 0, 0),
(212, 'Massa', 0, 0),
(213, 'Matmata', 0, 0),
(214, 'M\'Diq', 0, 0),
(216, 'Mechra Bel Ksiri', 0, 0),
(217, 'Mdiouna', 0, 0),
(218, 'Mehdya', 0, 0),
(219, 'Mekns', 0, 0),
(220, 'M\'Haya', 0, 0),
(221, 'Midar', 0, 0),
(222, 'Midelt', 0, 0),
(223, 'Missour', 0, 0),
(224, 'Mohammdia', 0, 0),
(225, 'Moqrisset', 0, 0),
(226, 'Moulay Abdallah', 0, 0),
(227, 'Moulay Ali Chrif', 0, 0),
(228, 'Moulay Bouazza', 0, 0),
(229, 'Moulay Bousselham', 0, 0),
(230, 'Moulay Brahim', 0, 0),
(231, 'Moulay Driss Zerhoun', 0, 0),
(233, 'M\'Rirt', 0, 0),
(234, 'Nador', 0, 0),
(236, 'Nama', 0, 0),
(237, 'Nouaceur', 0, 0),
(238, 'Oualidia', 0, 0),
(239, 'Ouaouizeght', 0, 0),
(240, 'Ouarzazate', 0, 0),
(242, 'Oued Amlil', 0, 0),
(243, 'Oued Hemer', 0, 0),
(244, 'Oued Laou', 0, 0),
(245, 'Oued Zem', 0, 0),
(246, 'Ouezzane', 0, 0),
(247, 'Ouislane', 0, 0),
(248, 'Oujda', 0, 0),
(250, 'Oulad Abbou', 0, 0),
(251, 'Oulad Amrane', 0, 0),
(252, 'Oulad Ayad', 0, 0),
(253, 'Oulad Berhil', 0, 0),
(254, 'Oulad Frej', 0, 0),
(255, 'Oulad Ghadbane', 0, 0),
(256, 'Oulad H\'Riz Sahel', 0, 0),
(257, 'Oulad M\'Barek', 0, 0),
(258, 'Oulad Mrah', 0, 0),
(259, 'Oulad Sad', 0, 0),
(260, 'Oulad Tayeb', 0, 0),
(261, 'Oulad Tema', 0, 0),
(262, 'Oulad Yach', 0, 0),
(263, 'Oulad Zbar', 0, 0),
(264, 'Oulms', 0, 0),
(266, 'Oum El Guerdane', 0, 0),
(267, 'Ounagha', 0, 0),
(268, 'Outat El Haj', 0, 0),
(269, 'Rabat', 0, 0),
(271, 'Ras El An', 0, 0),
(272, 'Ras El Ma', 0, 0),
(273, 'Ribate El Kher', 0, 0),
(274, 'Rissani', 0, 0),
(275, 'Rommani', 0, 0),
(276, 'Sabaa Aiyoun', 0, 0),
(277, 'Safi', 0, 0),
(279, 'Sadia', 0, 0),
(280, 'Sal', 0, 0),
(282, 'Sebt El Guerdane', 0, 0),
(283, 'Sebt El Maarif', 0, 0),
(284, 'Sebt Gzoula', 0, 0),
(285, 'Sebt Jahjouh', 0, 0),
(286, 'Sfrou', 0, 0),
(288, 'Selouane', 0, 0),
(289, 'Semara', 0, 0),
(290, 'Settat', 0, 0),
(291, 'Sid L\'Mokhtar', 0, 0),
(292, 'Sid Zouin', 0, 0),
(293, 'Sidi Abdallah Ghiat', 0, 0),
(294, 'Sidi Addi', 0, 0),
(295, 'Sidi Ahmed', 0, 0),
(296, 'Sidi Ali Ban Hamdouche', 0, 0),
(297, 'Sidi Allal El Bahraoui', 0, 0),
(298, 'Sidi Allal Tazi', 0, 0),
(299, 'Sidi Bennour', 0, 0),
(300, 'Sidi Bou Othmane', 0, 0),
(301, 'Sidi Boubker', 0, 0),
(302, 'Sidi Bouknadel', 0, 0),
(303, 'Sidi Bouzid', 0, 0),
(304, 'Sidi Hajjaj Oulad Mrah', 0, 0),
(305, 'Sidi Ifni', 0, 0),
(306, 'Sidi Jaber', 0, 0),
(307, 'Sidi Kacem', 0, 0),
(308, 'Sidi Lyamani', 0, 0),
(309, 'Sidi Rahhal', 0, 0),
(310, 'Sidi Rahhal Chata', 0, 0),
(311, 'Sidi slimane', 0, 0),
(313, 'Sidi Slimane Echcharraa', 0, 0),
(314, 'Sidi Smal', 0, 0),
(315, 'Sidi Tabi', 0, 0),
(316, 'Sidi Yahya El Gharb', 0, 0),
(317, 'Skhirate', 0, 0),
(318, 'Skhour Rehamna', 0, 0),
(319, 'Skoura', 0, 0),
(321, 'Smara', 0, 0),
(322, 'Smimou', 0, 0),
(323, 'Soualem', 0, 0),
(324, 'Souk El Arba', 0, 0),
(325, 'Souk Sebt Oulad Nemma', 0, 0),
(326, 'Tabounte', 0, 0),
(327, 'Tafetachte', 0, 0),
(328, 'Tafraout', 0, 0),
(329, 'Tafrisset', 0, 0),
(330, 'Taghjijt', 0, 0),
(331, 'Tahannaout', 0, 0),
(332, 'Tahla', 0, 0),
(333, 'Tanaste', 0, 0),
(334, 'Taliouine', 0, 0),
(335, 'Talmest', 0, 0),
(336, 'Talsint', 0, 0),
(337, 'Tamallalt', 0, 0),
(338, 'Tamanar', 0, 0),
(339, 'Tamassint', 0, 0),
(340, 'Tameslouht', 0, 0),
(341, 'Tanger', 0, 0),
(343, 'Tan-Tan', 0, 0),
(344, 'Taounate', 0, 0),
(345, 'Taourirt', 0, 0),
(347, 'Tarfaya', 0, 0),
(349, 'Targuist', 0, 0),
(350, 'Taroudant', 0, 0),
(352, 'Tata', 0, 0),
(353, 'Taza', 0, 0),
(355, 'Taznakht', 0, 0),
(356, 'Tmara', 0, 0),
(358, 'Temsia', 0, 0),
(359, 'Tendrara', 0, 0),
(360, 'Ttouan', 0, 0),
(362, 'Thar Es Souk', 0, 0),
(363, 'Tidass', 0, 0),
(364, 'Tiflet', 0, 0),
(365, 'Tighassaline', 0, 0),
(366, 'Tighza', 0, 0),
(367, 'Timahdite', 0, 0),
(368, 'Tinejdad', 0, 0),
(369, 'Tinghir', 0, 0),
(370, 'Tissa', 0, 0),
(371, 'Tit Mellil', 0, 0),
(372, 'Tizi Ouasli', 0, 0),
(373, 'Tiznit', 0, 0),
(374, 'Tiztoutine', 0, 0),
(375, 'Touima', 0, 0),
(376, 'Touissit', 0, 0),
(377, 'Toulal', 0, 0),
(378, 'Tounfite', 0, 0),
(379, 'Youssoufia', 0, 0),
(380, 'Zag', 0, 0),
(381, 'Zagora', 0, 0),
(383, 'Zada', 0, 0),
(384, 'Zao', 0, 0),
(385, 'Zaouat Bougrine', 0, 0),
(386, 'Zaouat Cheikh', 0, 0),
(387, 'Zeghanghane', 0, 0),
(388, 'Zemamra', 0, 0),
(389, 'Zirara', 0, 0),
(390, 'Zoumi', 0, 0),
(391, 'Zrarda', 0, 0);

--
-- Indexes for dumped tables
--

--
-- Indexes for table `actions_tiers`
--
ALTER TABLE `actions_tiers`
  ADD PRIMARY KEY (`id`);

--
-- Indexes for table `affaire`
--
ALTER TABLE `affaire`
  ADD PRIMARY KEY (`id`),
  ADD UNIQUE KEY `code_affaire` (`code_affaire`),
  ADD KEY `affaire_ibfk_1` (`charge`);

--
-- Indexes for table `agenda`
--
ALTER TABLE `agenda`
  ADD PRIMARY KEY (`id`),
  ADD KEY `idCollab` (`idCollab`);

--
-- Indexes for table `agenda_prestation`
--
ALTER TABLE `agenda_prestation`
  ADD PRIMARY KEY (`id`),
  ADD KEY `idProduit` (`idProduit`),
  ADD KEY `idAgenda` (`idAgenda`);

--
-- Indexes for table `alert_manque_stock`
--
ALTER TABLE `alert_manque_stock`
  ADD PRIMARY KEY (`id`);

--
-- Indexes for table `article`
--
ALTER TABLE `article`
  ADD PRIMARY KEY (`id`),
  ADD UNIQUE KEY `code` (`code`),
  ADD KEY `article_fk_code_famille` (`code_famille`),
  ADD KEY `article_fk_idsuvistock` (`idsuivistock`),
  ADD KEY `article_fk_code_tva_achat` (`code_tauxtvaAchat`),
  ADD KEY `article_fk_type_article` (`idTypeArticle`),
  ADD KEY `article_fk_tva_vente` (`code_tauxtvaVente`),
  ADD KEY `article_fk_unite` (`code_unite`),
  ADD KEY `article_fk_code_fournisseur` (`code_FrPrincipale`);

--
-- Indexes for table `billets`
--
ALTER TABLE `billets`
  ADD PRIMARY KEY (`id`);

--
-- Indexes for table `caisse`
--
ALTER TABLE `caisse`
  ADD PRIMARY KEY (`id`);

--
-- Indexes for table `catalogue`
--
ALTER TABLE `catalogue`
  ADD PRIMARY KEY (`id`);

--
-- Indexes for table `client`
--
ALTER TABLE `client`
  ADD PRIMARY KEY (`id`),
  ADD UNIQUE KEY `codeclient` (`codeclient`);

--
-- Indexes for table `collaborateur`
--
ALTER TABLE `collaborateur`
  ADD PRIMARY KEY (`id_collaborateur`);

--
-- Indexes for table `config_print_caisse`
--
ALTER TABLE `config_print_caisse`
  ADD PRIMARY KEY (`id`);

--
-- Indexes for table `depot`
--
ALTER TABLE `depot`
  ADD PRIMARY KEY (`id`),
  ADD UNIQUE KEY `intitule` (`intitule`);

--
-- Indexes for table `depot_article`
--
ALTER TABLE `depot_article`
  ADD PRIMARY KEY (`id`);

--
-- Indexes for table `docentete`
--
ALTER TABLE `docentete`
  ADD PRIMARY KEY (`id`),
  ADD UNIQUE KEY `unique_index` (`idtypedoc`,`Num_doc`),
  ADD KEY `iddomaine` (`iddomaine`),
  ADD KEY `tier_doc` (`tier_doc`),
  ADD KEY `iddepot` (`id_depot`);

--
-- Indexes for table `docligne`
--
ALTER TABLE `docligne`
  ADD PRIMARY KEY (`id`),
  ADD KEY `iddocument` (`iddocument`),
  ADD KEY `idproduit` (`idproduit`),
  ADD KEY `idtauxtva` (`idtauxtva`);

--
-- Indexes for table `etape`
--
ALTER TABLE `etape`
  ADD PRIMARY KEY (`id`),
  ADD KEY `idproduit` (`idProduit`);

--
-- Indexes for table `etape_agenda`
--
ALTER TABLE `etape_agenda`
  ADD PRIMARY KEY (`id`),
  ADD KEY `idEtape` (`idEtape`),
  ADD KEY `idAgenda` (`idAgenda`);

--
-- Indexes for table `etat`
--
ALTER TABLE `etat`
  ADD PRIMARY KEY (`id`);

--
-- Indexes for table `expediteur`
--
ALTER TABLE `expediteur`
  ADD PRIMARY KEY (`id`);

--
-- Indexes for table `famille`
--
ALTER TABLE `famille`
  ADD PRIMARY KEY (`id`),
  ADD UNIQUE KEY `code` (`code`),
  ADD KEY `idsuivistock` (`idsuivistock`),
  ADD KEY `idtauxtva` (`idtauxtvaAchat`),
  ADD KEY `idunite` (`idunite`),
  ADD KEY `idtauxtvaVente` (`idtauxtvaVente`);

--
-- Indexes for table `fichierdoc`
--
ALTER TABLE `fichierdoc`
  ADD PRIMARY KEY (`id`),
  ADD KEY `iddoc` (`iddoc`);

--
-- Indexes for table `fonction`
--
ALTER TABLE `fonction`
  ADD PRIMARY KEY (`id`);

--
-- Indexes for table `fournisseur`
--
ALTER TABLE `fournisseur`
  ADD PRIMARY KEY (`id`),
  ADD UNIQUE KEY `codeFournisseur` (`codeFournisseur`);

--
-- Indexes for table `images_article`
--
ALTER TABLE `images_article`
  ADD PRIMARY KEY (`id`),
  ADD KEY `id_article` (`id_article`);

--
-- Indexes for table `ligne_res`
--
ALTER TABLE `ligne_res`
  ADD PRIMARY KEY (`id`),
  ADD KEY `idRes` (`idRes`),
  ADD KEY `idPrest` (`idPrest`);

--
-- Indexes for table `menu`
--
ALTER TABLE `menu`
  ADD PRIMARY KEY (`id`);

--
-- Indexes for table `menuprofil`
--
ALTER TABLE `menuprofil`
  ADD PRIMARY KEY (`id`);

--
-- Indexes for table `menu_caisse_profil`
--
ALTER TABLE `menu_caisse_profil`
  ADD PRIMARY KEY (`id`);

--
-- Indexes for table `methode_paiement`
--
ALTER TABLE `methode_paiement`
  ADD PRIMARY KEY (`id`);

--
-- Indexes for table `mouvementcaisse`
--
ALTER TABLE `mouvementcaisse`
  ADD PRIMARY KEY (`id`);

--
-- Indexes for table `paiement_caisse`
--
ALTER TABLE `paiement_caisse`
  ADD PRIMARY KEY (`id`);

--
-- Indexes for table `paiement_facture`
--
ALTER TABLE `paiement_facture`
  ADD PRIMARY KEY (`id`);

--
-- Indexes for table `paiement_tier`
--
ALTER TABLE `paiement_tier`
  ADD PRIMARY KEY (`id`),
  ADD KEY `id_method` (`id_method`);

--
-- Indexes for table `periode`
--
ALTER TABLE `periode`
  ADD PRIMARY KEY (`id`),
  ADD KEY `idAgenda` (`idAgenda`);

--
-- Indexes for table `profil`
--
ALTER TABLE `profil`
  ADD PRIMARY KEY (`id`);

--
-- Indexes for table `prospect`
--
ALTER TABLE `prospect`
  ADD PRIMARY KEY (`id`),
  ADD UNIQUE KEY `codeprospect` (`codeprospect`);

--
-- Indexes for table `prospect_tele`
--
ALTER TABLE `prospect_tele`
  ADD PRIMARY KEY (`id`);

--
-- Indexes for table `p_domaine`
--
ALTER TABLE `p_domaine`
  ADD PRIMARY KEY (`id`);

--
-- Indexes for table `p_suivistock`
--
ALTER TABLE `p_suivistock`
  ADD PRIMARY KEY (`id`),
  ADD UNIQUE KEY `code` (`code`);

--
-- Indexes for table `p_tauxtva`
--
ALTER TABLE `p_tauxtva`
  ADD PRIMARY KEY (`id`),
  ADD UNIQUE KEY `code` (`code`);

--
-- Indexes for table `p_typedoc`
--
ALTER TABLE `p_typedoc`
  ADD PRIMARY KEY (`id`),
  ADD KEY `iddomaine` (`iddomaine`);

--
-- Indexes for table `p_unite`
--
ALTER TABLE `p_unite`
  ADD PRIMARY KEY (`id`),
  ADD UNIQUE KEY `code` (`code`);

--
-- Indexes for table `rdv`
--
ALTER TABLE `rdv`
  ADD PRIMARY KEY (`id`);

--
-- Indexes for table `reservat`
--
ALTER TABLE `reservat`
  ADD PRIMARY KEY (`id`),
  ADD KEY `idClient` (`idClient`);

--
-- Indexes for table `service`
--
ALTER TABLE `service`
  ADD PRIMARY KEY (`id`);

--
-- Indexes for table `societe`
--
ALTER TABLE `societe`
  ADD PRIMARY KEY (`id`);

--
-- Indexes for table `status`
--
ALTER TABLE `status`
  ADD PRIMARY KEY (`id`);

--
-- Indexes for table `statutdoc`
--
ALTER TABLE `statutdoc`
  ADD PRIMARY KEY (`id`);

--
-- Indexes for table `statutrdv`
--
ALTER TABLE `statutrdv`
  ADD PRIMARY KEY (`id`);

--
-- Indexes for table `suivilivraison`
--
ALTER TABLE `suivilivraison`
  ADD PRIMARY KEY (`id`);

--
-- Indexes for table `tbl_excel`
--
ALTER TABLE `tbl_excel`
  ADD PRIMARY KEY (`id`);

--
-- Indexes for table `type_article`
--
ALTER TABLE `type_article`
  ADD PRIMARY KEY (`id`);

--
-- Indexes for table `utilisateur`
--
ALTER TABLE `utilisateur`
  ADD PRIMARY KEY (`idUtl`),
  ADD UNIQUE KEY `login` (`login`);

--
-- Indexes for table `utilisateurpv`
--
ALTER TABLE `utilisateurpv`
  ADD PRIMARY KEY (`id`);

--
-- Indexes for table `ville`
--
ALTER TABLE `ville`
  ADD PRIMARY KEY (`idville`);

--
-- AUTO_INCREMENT for dumped tables
--

--
-- AUTO_INCREMENT for table `actions_tiers`
--
ALTER TABLE `actions_tiers`
  MODIFY `id` int(11) NOT NULL AUTO_INCREMENT;

--
-- AUTO_INCREMENT for table `affaire`
--
ALTER TABLE `affaire`
  MODIFY `id` int(11) NOT NULL AUTO_INCREMENT;

--
-- AUTO_INCREMENT for table `agenda`
--
ALTER TABLE `agenda`
  MODIFY `id` int(11) NOT NULL AUTO_INCREMENT, AUTO_INCREMENT=3;

--
-- AUTO_INCREMENT for table `agenda_prestation`
--
ALTER TABLE `agenda_prestation`
  MODIFY `id` int(11) NOT NULL AUTO_INCREMENT, AUTO_INCREMENT=57;

--
-- AUTO_INCREMENT for table `alert_manque_stock`
--
ALTER TABLE `alert_manque_stock`
  MODIFY `id` int(11) NOT NULL AUTO_INCREMENT, AUTO_INCREMENT=368;

--
-- AUTO_INCREMENT for table `article`
--
ALTER TABLE `article`
  MODIFY `id` int(11) NOT NULL AUTO_INCREMENT, AUTO_INCREMENT=14449;

--
-- AUTO_INCREMENT for table `billets`
--
ALTER TABLE `billets`
  MODIFY `id` int(11) NOT NULL AUTO_INCREMENT, AUTO_INCREMENT=12;

--
-- AUTO_INCREMENT for table `caisse`
--
ALTER TABLE `caisse`
  MODIFY `id` int(11) NOT NULL AUTO_INCREMENT, AUTO_INCREMENT=2;

--
-- AUTO_INCREMENT for table `catalogue`
--
ALTER TABLE `catalogue`
  MODIFY `id` int(11) NOT NULL AUTO_INCREMENT, AUTO_INCREMENT=3;

--
-- AUTO_INCREMENT for table `client`
--
ALTER TABLE `client`
  MODIFY `id` int(11) NOT NULL AUTO_INCREMENT, AUTO_INCREMENT=25;

--
-- AUTO_INCREMENT for table `collaborateur`
--
ALTER TABLE `collaborateur`
  MODIFY `id_collaborateur` int(11) NOT NULL AUTO_INCREMENT, AUTO_INCREMENT=2;

--
-- AUTO_INCREMENT for table `config_print_caisse`
--
ALTER TABLE `config_print_caisse`
  MODIFY `id` int(11) NOT NULL AUTO_INCREMENT, AUTO_INCREMENT=2;

--
-- AUTO_INCREMENT for table `depot`
--
ALTER TABLE `depot`
  MODIFY `id` int(11) NOT NULL AUTO_INCREMENT, AUTO_INCREMENT=3;

--
-- AUTO_INCREMENT for table `depot_article`
--
ALTER TABLE `depot_article`
  MODIFY `id` int(11) NOT NULL AUTO_INCREMENT, AUTO_INCREMENT=3;

--
-- AUTO_INCREMENT for table `docentete`
--
ALTER TABLE `docentete`
  MODIFY `id` int(11) NOT NULL AUTO_INCREMENT, AUTO_INCREMENT=47;

--
-- AUTO_INCREMENT for table `docligne`
--
ALTER TABLE `docligne`
  MODIFY `id` int(11) NOT NULL AUTO_INCREMENT, AUTO_INCREMENT=89;

--
-- AUTO_INCREMENT for table `etape`
--
ALTER TABLE `etape`
  MODIFY `id` int(11) NOT NULL AUTO_INCREMENT, AUTO_INCREMENT=30;

--
-- AUTO_INCREMENT for table `etape_agenda`
--
ALTER TABLE `etape_agenda`
  MODIFY `id` int(11) NOT NULL AUTO_INCREMENT, AUTO_INCREMENT=57;

--
-- AUTO_INCREMENT for table `etat`
--
ALTER TABLE `etat`
  MODIFY `id` int(11) NOT NULL AUTO_INCREMENT, AUTO_INCREMENT=5;

--
-- AUTO_INCREMENT for table `expediteur`
--
ALTER TABLE `expediteur`
  MODIFY `id` int(11) NOT NULL AUTO_INCREMENT, AUTO_INCREMENT=4;

--
-- AUTO_INCREMENT for table `famille`
--
ALTER TABLE `famille`
  MODIFY `id` int(11) NOT NULL AUTO_INCREMENT, AUTO_INCREMENT=11;

--
-- AUTO_INCREMENT for table `fichierdoc`
--
ALTER TABLE `fichierdoc`
  MODIFY `id` int(11) NOT NULL AUTO_INCREMENT;

--
-- AUTO_INCREMENT for table `fonction`
--
ALTER TABLE `fonction`
  MODIFY `id` int(11) NOT NULL AUTO_INCREMENT;

--
-- AUTO_INCREMENT for table `fournisseur`
--
ALTER TABLE `fournisseur`
  MODIFY `id` int(11) NOT NULL AUTO_INCREMENT, AUTO_INCREMENT=5;

--
-- AUTO_INCREMENT for table `images_article`
--
ALTER TABLE `images_article`
  MODIFY `id` int(11) NOT NULL AUTO_INCREMENT, AUTO_INCREMENT=3;

--
-- AUTO_INCREMENT for table `ligne_res`
--
ALTER TABLE `ligne_res`
  MODIFY `id` int(11) NOT NULL AUTO_INCREMENT, AUTO_INCREMENT=7;

--
-- AUTO_INCREMENT for table `menu`
--
ALTER TABLE `menu`
  MODIFY `id` int(11) NOT NULL AUTO_INCREMENT, AUTO_INCREMENT=73;

--
-- AUTO_INCREMENT for table `menuprofil`
--
ALTER TABLE `menuprofil`
  MODIFY `id` int(11) NOT NULL AUTO_INCREMENT, AUTO_INCREMENT=72;

--
-- AUTO_INCREMENT for table `menu_caisse_profil`
--
ALTER TABLE `menu_caisse_profil`
  MODIFY `id` int(11) NOT NULL AUTO_INCREMENT, AUTO_INCREMENT=8;

--
-- AUTO_INCREMENT for table `methode_paiement`
--
ALTER TABLE `methode_paiement`
  MODIFY `id` int(11) NOT NULL AUTO_INCREMENT, AUTO_INCREMENT=10;

--
-- AUTO_INCREMENT for table `mouvementcaisse`
--
ALTER TABLE `mouvementcaisse`
  MODIFY `id` int(11) NOT NULL AUTO_INCREMENT;

--
-- AUTO_INCREMENT for table `paiement_caisse`
--
ALTER TABLE `paiement_caisse`
  MODIFY `id` int(11) NOT NULL AUTO_INCREMENT, AUTO_INCREMENT=3;

--
-- AUTO_INCREMENT for table `paiement_facture`
--
ALTER TABLE `paiement_facture`
  MODIFY `id` int(11) NOT NULL AUTO_INCREMENT;

--
-- AUTO_INCREMENT for table `paiement_tier`
--
ALTER TABLE `paiement_tier`
  MODIFY `id` int(11) NOT NULL AUTO_INCREMENT, AUTO_INCREMENT=3;

--
-- AUTO_INCREMENT for table `periode`
--
ALTER TABLE `periode`
  MODIFY `id` int(11) NOT NULL AUTO_INCREMENT, AUTO_INCREMENT=2;

--
-- AUTO_INCREMENT for table `profil`
--
ALTER TABLE `profil`
  MODIFY `id` int(11) NOT NULL AUTO_INCREMENT, AUTO_INCREMENT=2;

--
-- AUTO_INCREMENT for table `prospect`
--
ALTER TABLE `prospect`
  MODIFY `id` int(11) NOT NULL AUTO_INCREMENT, AUTO_INCREMENT=9;

--
-- AUTO_INCREMENT for table `prospect_tele`
--
ALTER TABLE `prospect_tele`
  MODIFY `id` int(11) NOT NULL AUTO_INCREMENT;

--
-- AUTO_INCREMENT for table `p_domaine`
--
ALTER TABLE `p_domaine`
  MODIFY `id` int(11) NOT NULL AUTO_INCREMENT, AUTO_INCREMENT=4;

--
-- AUTO_INCREMENT for table `p_suivistock`
--
ALTER TABLE `p_suivistock`
  MODIFY `id` int(11) NOT NULL AUTO_INCREMENT, AUTO_INCREMENT=4;

--
-- AUTO_INCREMENT for table `p_tauxtva`
--
ALTER TABLE `p_tauxtva`
  MODIFY `id` int(11) NOT NULL AUTO_INCREMENT, AUTO_INCREMENT=7;

--
-- AUTO_INCREMENT for table `p_typedoc`
--
ALTER TABLE `p_typedoc`
  MODIFY `id` int(11) NOT NULL AUTO_INCREMENT, AUTO_INCREMENT=23;

--
-- AUTO_INCREMENT for table `p_unite`
--
ALTER TABLE `p_unite`
  MODIFY `id` int(11) NOT NULL AUTO_INCREMENT, AUTO_INCREMENT=5;

--
-- AUTO_INCREMENT for table `rdv`
--
ALTER TABLE `rdv`
  MODIFY `id` int(11) NOT NULL AUTO_INCREMENT;

--
-- AUTO_INCREMENT for table `reservat`
--
ALTER TABLE `reservat`
  MODIFY `id` int(11) NOT NULL AUTO_INCREMENT, AUTO_INCREMENT=12;

--
-- AUTO_INCREMENT for table `service`
--
ALTER TABLE `service`
  MODIFY `id` int(11) NOT NULL AUTO_INCREMENT;

--
-- AUTO_INCREMENT for table `societe`
--
ALTER TABLE `societe`
  MODIFY `id` int(11) NOT NULL AUTO_INCREMENT, AUTO_INCREMENT=3;

--
-- AUTO_INCREMENT for table `status`
--
ALTER TABLE `status`
  MODIFY `id` int(11) NOT NULL AUTO_INCREMENT, AUTO_INCREMENT=8;

--
-- AUTO_INCREMENT for table `statutdoc`
--
ALTER TABLE `statutdoc`
  MODIFY `id` int(11) NOT NULL AUTO_INCREMENT;

--
-- AUTO_INCREMENT for table `statutrdv`
--
ALTER TABLE `statutrdv`
  MODIFY `id` int(11) NOT NULL AUTO_INCREMENT, AUTO_INCREMENT=6;

--
-- AUTO_INCREMENT for table `suivilivraison`
--
ALTER TABLE `suivilivraison`
  MODIFY `id` int(11) NOT NULL AUTO_INCREMENT;

--
-- AUTO_INCREMENT for table `tbl_excel`
--
ALTER TABLE `tbl_excel`
  MODIFY `id` int(11) NOT NULL AUTO_INCREMENT;

--
-- AUTO_INCREMENT for table `type_article`
--
ALTER TABLE `type_article`
  MODIFY `id` int(11) NOT NULL AUTO_INCREMENT, AUTO_INCREMENT=4;

--
-- AUTO_INCREMENT for table `utilisateur`
--
ALTER TABLE `utilisateur`
  MODIFY `idUtl` int(11) NOT NULL AUTO_INCREMENT, AUTO_INCREMENT=3;

--
-- AUTO_INCREMENT for table `utilisateurpv`
--
ALTER TABLE `utilisateurpv`
  MODIFY `id` int(11) NOT NULL AUTO_INCREMENT, AUTO_INCREMENT=2;

--
-- AUTO_INCREMENT for table `ville`
--
ALTER TABLE `ville`
  MODIFY `idville` int(11) NOT NULL AUTO_INCREMENT, AUTO_INCREMENT=392;

--
-- Constraints for dumped tables
--

--
-- Constraints for table `agenda`
--
ALTER TABLE `agenda`
  ADD CONSTRAINT `agenda_ibfk_1` FOREIGN KEY (`idCollab`) REFERENCES `collaborateur` (`id_collaborateur`);

--
-- Constraints for table `agenda_prestation`
--
ALTER TABLE `agenda_prestation`
  ADD CONSTRAINT `agenda_prestation_ibfk_1` FOREIGN KEY (`idProduit`) REFERENCES `article` (`id`),
  ADD CONSTRAINT `agenda_prestation_ibfk_2` FOREIGN KEY (`idAgenda`) REFERENCES `agenda` (`id`);

--
-- Constraints for table `article`
--
ALTER TABLE `article`
  ADD CONSTRAINT `article_fk_code_famille` FOREIGN KEY (`code_famille`) REFERENCES `famille` (`code`),
  ADD CONSTRAINT `article_fk_idsuvistock` FOREIGN KEY (`idsuivistock`) REFERENCES `p_suivistock` (`id`);

--
-- Constraints for table `docentete`
--
ALTER TABLE `docentete`
  ADD CONSTRAINT `docentete_ibfk_1` FOREIGN KEY (`iddomaine`) REFERENCES `p_domaine` (`id`),
  ADD CONSTRAINT `docentete_ibfk_2` FOREIGN KEY (`idtypedoc`) REFERENCES `p_typedoc` (`id`);

--
-- Constraints for table `docligne`
--
ALTER TABLE `docligne`
  ADD CONSTRAINT `docligne_ibfk_1` FOREIGN KEY (`iddocument`) REFERENCES `docentete` (`id`),
  ADD CONSTRAINT `docligne_ibfk_2` FOREIGN KEY (`idproduit`) REFERENCES `article` (`id`),
  ADD CONSTRAINT `docligne_ibfk_3` FOREIGN KEY (`idtauxtva`) REFERENCES `p_tauxtva` (`id`);

--
-- Constraints for table `etape`
--
ALTER TABLE `etape`
  ADD CONSTRAINT `etape_ibfk_1` FOREIGN KEY (`idproduit`) REFERENCES `article` (`id`);

--
-- Constraints for table `etape_agenda`
--
ALTER TABLE `etape_agenda`
  ADD CONSTRAINT `etape_agenda_ibfk_1` FOREIGN KEY (`idEtape`) REFERENCES `etape` (`id`),
  ADD CONSTRAINT `etape_agenda_ibfk_2` FOREIGN KEY (`idAgenda`) REFERENCES `agenda` (`id`);

--
-- Constraints for table `famille`
--
ALTER TABLE `famille`
  ADD CONSTRAINT `famille_ibfk_1` FOREIGN KEY (`idsuivistock`) REFERENCES `p_suivistock` (`id`),
  ADD CONSTRAINT `famille_ibfk_2` FOREIGN KEY (`idtauxtvaAchat`) REFERENCES `p_tauxtva` (`id`),
  ADD CONSTRAINT `famille_ibfk_3` FOREIGN KEY (`idunite`) REFERENCES `p_unite` (`id`),
  ADD CONSTRAINT `famille_ibfk_4` FOREIGN KEY (`idtauxtvaVente`) REFERENCES `p_tauxtva` (`id`);

--
-- Constraints for table `images_article`
--
ALTER TABLE `images_article`
  ADD CONSTRAINT `images_article_ibfk_1` FOREIGN KEY (`id_article`) REFERENCES `article` (`id`);

--
-- Constraints for table `ligne_res`
--
ALTER TABLE `ligne_res`
  ADD CONSTRAINT `ligne_res_ibfk_1` FOREIGN KEY (`idRes`) REFERENCES `reservat` (`id`),
  ADD CONSTRAINT `ligne_res_ibfk_2` FOREIGN KEY (`idPrest`) REFERENCES `article` (`id`);

--
-- Constraints for table `paiement_tier`
--
ALTER TABLE `paiement_tier`
  ADD CONSTRAINT `paiement_tier_ibfk_1` FOREIGN KEY (`id_method`) REFERENCES `methode_paiement` (`id`);

--
-- Constraints for table `periode`
--
ALTER TABLE `periode`
  ADD CONSTRAINT `periode_ibfk_1` FOREIGN KEY (`idAgenda`) REFERENCES `agenda` (`id`);

--
-- Constraints for table `p_typedoc`
--
ALTER TABLE `p_typedoc`
  ADD CONSTRAINT `p_typedoc_ibfk_1` FOREIGN KEY (`iddomaine`) REFERENCES `p_domaine` (`id`);

--
-- Constraints for table `reservat`
--
ALTER TABLE `reservat`
  ADD CONSTRAINT `reservat_ibfk_1` FOREIGN KEY (`idClient`) REFERENCES `client` (`id`);
COMMIT;

/*!40101 SET CHARACTER_SET_CLIENT=@OLD_CHARACTER_SET_CLIENT */;
/*!40101 SET CHARACTER_SET_RESULTS=@OLD_CHARACTER_SET_RESULTS */;
/*!40101 SET COLLATION_CONNECTION=@OLD_COLLATION_CONNECTION */;
